"Q1","Q2","Q3","Q4","Q5","Q6","Q7","Q8","Q9","Q10","Q11","Q12","Q13","Q14","Q15","Q16","Q17","Q18","Q19","Q20","Q21","Q22","Q23","Q24","Q25","Q26","Q27","Q28","Q29","Q30","Q31","Q32","Q33","Q34","Q35","Q36","Q37","Q38","Q39","observing","describing","accepting","acting","age","gender"
4,3,2,4,4,3,4,4,5,4,2,4,5,4,3,4,2,3,4,4,5,3,4,4,4,2,1,3,5,3,1,3,5,2,1,3,3,5,3,3.9,3,3.7,2.7,38,2
3,1,4,5,2,2,4,5,5,2,2,5,5,5,3,4,2,4,4,4,4,5,5,5,5,2,5,5,5,5,4,4,2,2,3,4,4,4,4,3.8,2.9,4.6,3.8,26,1
5,5,3,2,5,5,4,2,5,5,1,2,5,1,3,1,5,1,4,2,5,1,1,2,5,5,2,1,5,5,4,1,5,5,2,2,5,4,5,5,3.5,1.7,2.8,53,2
4,3,2,4,3,3,2,3,4,3,3,4,4,3,4,4,3,3,3,4,4,3,2,4,3,3,4,4,3,4,4,4,3,3,3,4,4,3,4,3.5,3,3.9,3,56,1
4,4,4,5,3,3,4,5,3,4,2,4,4,2,3,4,4,2,3,4,4,2,3,2,4,4,5,4,3,4,3,4,4,5,3,4,4,3,4,3.7,3.3,4,3.3,18,1
4,2,5,3,3,3,3,4,3,3,5,3,3,5,4,4,2,5,3,3,3,4,4,4,5,2,5,2,4,2,3,4,4,1,5,3,3,3,2,3.2,3.1,3.3,4,34,1
4,3,3,2,4,4,4,2,3,3,1,2,3,2,4,1,3,1,3,1,4,2,1,4,5,4,2,1,5,4,1,1,5,4,2,1,4,3,3,3.9,2.9,1.7,2.4,70,2
3,2,4,3,2,4,3,2,2,3,4,4,2,2,3,3,4,3,2,4,3,3,4,3,3,4,4,4,4,3,3,3,4,2,2,2,2,5,4,3,2.9,3.1,3.4,24,2
4,4,2,2,4,3,4,3,3,3,3,2,3,3,3,2,4,2,4,2,4,2,2,3,3,4,4,2,3,4,2,2,4,3,3,2,4,3,4,3.6,3,2.2,3,31,1
4,2,4,5,4,2,3,4,4,4,3,4,4,5,2,4,4,4,2,4,4,5,3,4,0,1,5,4,4,0,3,4,0,1,3,4,5,2,5,3.1,3,4.1,3,43,1
5,5,2,5,5,5,3,5,5,5,1,5,5,3,5,2,4,3,2,2,5,2,2,3,5,5,5,2,3,5,5,4,5,2,5,4,5,3,5,4.7,3.8,3.6,3.3,15,1
4,4,5,2,5,5,1,5,1,2,4,4,2,3,1,4,3,3,2,5,4,3,5,5,4,2,5,4,5,4,5,4,2,3,5,4,4,1,4,3.5,3.1,4.1,3.4,31,2
4,3,3,2,2,4,3,3,5,4,3,3,5,3,3,3,3,3,3,3,4,2,2,4,4,3,4,2,4,2,2,3,3,4,3,2,4,3,4,3.6,3.3,2.8,2.9,19,1
5,4,3,2,5,4,4,4,4,4,2,3,4,2,4,2,4,2,4,3,5,2,2,2,5,4,3,3,5,5,3,2,5,2,2,2,5,4,5,4.7,3,2.6,3.1,28,1
4,5,3,1,4,5,4,1,3,5,4,2,4,1,5,1,5,1,4,1,5,1,2,1,4,5,2,1,5,5,2,1,5,5,1,1,5,4,5,4.5,3.5,1.1,3.1,24,1
3,5,2,1,3,5,4,2,3,3,2,2,3,1,3,1,5,1,3,1,4,1,2,2,3,4,3,1,4,3,2,1,3,2,2,1,2,4,4,3.3,2.8,1.3,2.7,85,1
4,4,4,4,4,3,3,4,2,3,3,2,3,2,3,2,4,2,4,4,4,2,2,2,5,4,4,2,5,4,2,2,3,4,4,3,4,4,4,3.8,3,2.8,3.3,45,1
3,2,5,5,3,2,2,4,2,2,4,4,4,4,4,4,2,4,4,4,4,3,4,4,5,1,5,5,5,3,3,5,5,5,4,4,2,3,2,3.3,2.9,4.3,3.8,54,2
5,4,4,3,4,3,2,3,5,4,2,3,5,3,5,4,3,4,2,3,5,3,3,3,5,3,4,3,5,3,3,4,5,3,2,4,4,2,3,4.3,3.4,3.3,2.9,15,2
5,5,5,5,5,5,5,5,5,5,5,5,5,5,5,5,5,5,5,5,5,5,5,5,5,5,5,5,5,5,5,5,5,5,5,5,5,5,5,5,5,5,5,24,2
3,4,3,1,3,4,3,2,3,4,2,1,4,1,4,1,4,1,3,1,5,3,2,1,4,3,2,1,5,4,1,1,4,3,3,1,4,3,5,3.9,2.9,1.1,2.6,70,2
4,5,4,4,3,5,3,4,4,5,4,3,5,1,3,3,4,1,3,3,5,2,3,2,4,5,4,3,4,5,3,3,5,3,3,2,4,4,5,4.3,3.4,3,3.4,41,2
4,3,4,2,4,3,2,2,4,2,3,4,4,3,2,4,4,4,2,4,4,3,4,4,4,4,5,4,4,4,4,3,4,4,5,3,4,1,4,4,3.3,3.3,3.2,24,1
2,3,2,5,2,3,4,2,1,3,4,5,3,3,5,4,4,3,4,5,4,4,2,4,3,4,5,4,3,1,4,4,5,3,3,4,2,4,1,2.5,3.3,4.1,3.7,44,2
4,2,4,2,4,4,3,4,4,4,3,3,4,2,2,4,4,2,3,3,4,2,3,3,4,4,2,3,4,3,4,3,4,4,3,3,2,3,4,3.7,3,3.1,3,33,1
3,2,4,3,2,4,2,3,4,2,2,2,2,3,3,3,4,3,3,3,5,3,3,3,5,2,4,3,4,3,3,3,5,2,3,3,3,3,4,3.5,2.6,2.9,3,30,2
3,3,2,3,1,4,4,5,4,3,3,3,5,3,5,3,2,3,4,4,5,1,3,4,1,2,5,3,1,1,4,4,2,3,4,5,1,4,3,2.2,2.8,3.8,3.8,49,1
5,4,3,2,5,4,3,4,3,3,3,4,2,2,4,4,3,2,3,3,4,1,4,5,5,3,4,4,5,5,4,4,4,3,4,4,4,4,4,4.1,2.8,3.8,3.6,35,1
5,4,3,5,4,5,3,4,4,5,2,5,5,2,5,4,5,2,3,5,5,2,3,5,5,4,2,4,5,5,3,4,5,3,2,1,4,4,5,4.7,3.4,4.1,3,53,2
1,5,2,3,1,5,4,5,2,5,2,2,2,1,4,2,1,1,3,1,5,1,2,2,1,1,2,1,5,2,2,1,5,5,4,4,5,4,5,2.7,3,2.3,2.9,49,1
3,0,2,1,3,4,4,4,2,4,4,2,4,2,4,2,1,2,3,2,4,2,1,1,3,5,3,2,4,2,2,2,2,2,2,3,3,4,3,2.7,2.6,2.1,2.9,39,1
4,5,3,3,3,5,3,4,3,5,3,4,3,2,3,2,3,1,2,3,3,2,2,2,4,5,4,3,4,4,3,2,5,4,4,3,4,2,4,3.7,3.6,2.9,2.9,26,2
5,5,3,3,4,5,4,5,2,4,4,2,2,1,3,2,4,1,3,3,2,1,2,2,3,5,5,2,3,2,4,3,3,5,4,2,4,3,5,3.4,3.4,2.7,3.5,27,1
4,2,5,5,2,4,1,4,2,3,2,5,1,3,2,5,1,3,3,4,2,3,3,4,2,2,4,5,2,3,5,5,2,3,4,5,3,2,3,2.3,2.9,4.7,3.1,17,2
4,4,3,4,2,4,3,4,2,4,3,3,2,2,4,2,3,2,2,5,3,2,4,3,0,4,3,3,4,4,3,3,4,4,3,4,4,3,4,3,3.3,3.4,3.1,21,1
4,3,4,4,4,3,3,5,4,3,3,3,3,3,4,2,2,3,4,3,3,4,3,2,4,2,4,2,4,3,2,3,4,4,3,3,4,3,3,3.5,3.1,3,3.3,36,1
4,3,5,2,4,2,4,5,4,3,4,5,5,1,3,4,5,2,5,5,5,1,1,5,4,4,3,4,5,5,2,2,5,2,4,5,5,5,5,4.6,2.3,4.1,3.6,59,1
3,3,4,3,2,2,2,4,2,3,3,3,4,4,3,3,4,4,2,4,3,4,4,4,3,4,5,3,4,3,4,3,4,2,4,3,4,2,4,3.4,3.3,3.3,3.3,23,1
3,4,3,1,3,4,3,3,4,3,3,1,3,1,4,1,2,1,1,1,4,1,1,1,3,5,2,1,3,3,3,1,2,4,3,1,4,2,4,3.1,2.9,1.2,2.5,59,2
4,3,3,2,3,5,3,5,3,5,1,5,3,2,4,4,5,2,3,4,3,1,1,3,4,3,5,4,5,3,2,4,4,4,4,4,4,3,4,3.8,3.1,3.9,2.9,34,2
3,5,4,3,3,4,2,4,2,3,4,4,2,3,2,4,2,3,2,3,2,3,4,4,2,4,4,3,3,4,4,4,3,4,4,2,3,2,4,2.8,3.6,3.4,3.2,50,2
3,2,4,3,3,2,2,3,2,2,4,3,3,3,4,3,3,4,4,3,3,2,3,3,3,2,4,3,4,4,4,3,3,2,3,3,3,4,3,3.1,2.4,3,3.6,47,1
4,2,3,2,1,4,5,4,1,3,4,2,1,2,5,1,1,2,4,2,1,2,1,2,5,3,4,2,5,2,2,1,3,4,2,1,2,5,3,2.5,2.8,1.9,3.5,44,2
4,2,5,3,3,3,1,5,1,4,4,4,1,3,1,4,1,3,2,4,3,3,5,5,4,3,5,4,4,2,3,2,5,2,5,5,4,3,3,2.9,2.9,4,3.4,32,1
5,4,5,2,4,4,2,5,4,5,3,2,4,2,2,2,2,2,2,1,4,2,3,2,4,4,4,1,4,4,4,1,5,3,4,1,4,1,4,4,3.3,1.9,3,26,2
5,3,4,4,3,4,4,4,2,2,3,3,4,4,4,3,4,3,4,3,2,4,2,4,1,2,5,3,3,3,4,3,2,2,4,2,4,4,4,3.2,3,3.2,3.8,28,1
5,5,3,3,5,5,5,4,5,5,2,4,5,1,5,3,2,2,5,2,5,1,2,1,5,5,4,3,5,4,2,2,4,3,5,5,5,5,5,4.5,3.4,3,3.8,40,1
3,4,0,3,3,4,4,3,3,4,3,0,4,2,4,2,2,2,0,4,3,2,2,2,4,4,2,3,4,2,2,3,4,2,2,3,4,3,3,3.3,3,2.6,2.2,49,1
2,3,5,4,3,2,2,4,4,3,4,4,3,4,3,5,3,3,2,5,5,4,5,5,4,1,4,5,4,2,5,5,4,2,3,5,3,2,2,3.1,2.8,4.7,3.5,25,1
5,5,4,5,4,5,5,5,4,5,4,2,4,1,5,2,5,2,4,3,5,2,2,1,5,5,5,3,5,5,3,2,5,5,2,2,5,5,5,4.7,3.8,2.8,3.9,31,2
3,4,3,4,2,4,2,3,4,4,3,4,3,2,3,3,4,3,2,4,3,4,0,1,4,3,3,4,4,3,2,1,3,2,4,3,4,2,3,3.4,3.3,3,2.4,18,1
5,4,3,2,4,4,3,2,4,4,3,1,5,2,4,2,4,2,3,2,5,2,3,2,3,4,4,1,4,3,4,1,5,4,3,2,4,4,4,4.1,3.3,1.7,3.4,44,1
4,3,4,4,4,3,3,4,3,3,3,4,3,4,4,4,4,4,3,4,4,4,3,3,5,2,5,4,5,4,4,2,4,3,3,2,2,3,4,3.8,3.3,3.4,3.5,15,1
3,4,4,3,3,4,3,4,3,4,3,2,0,2,5,1,3,3,4,2,4,2,2,2,4,4,2,2,5,4,5,1,4,3,3,2,5,4,4,3.5,3.3,2.1,3.5,40,2
3,5,3,2,4,4,5,4,5,5,3,2,5,3,5,1,4,1,5,1,5,1,3,1,5,5,2,1,5,3,1,1,5,5,3,1,5,5,5,4.5,3.6,1.6,3.5,49,2
4,5,3,4,4,4,3,3,1,5,3,4,3,1,4,4,3,1,3,4,4,3,3,4,3,3,4,4,4,4,3,3,4,4,4,5,4,3,4,3.5,3.3,3.9,3.3,46,2
5,4,3,2,3,4,3,5,2,2,2,2,2,2,3,3,4,3,2,3,4,2,1,3,4,2,3,2,3,4,4,2,3,2,2,1,4,3,3,3.4,2.6,2.6,2.6,26,1
3,2,4,3,2,2,2,4,2,2,4,3,2,4,4,4,3,4,3,4,4,4,3,3,4,2,5,4,4,4,3,4,3,2,3,3,4,3,4,3.2,2.8,3.6,3.4,19,2
4,3,5,4,4,4,4,5,4,4,3,5,4,3,4,4,3,3,4,5,4,3,4,5,4,4,5,5,5,4,4,4,4,3,5,4,4,4,5,4.1,3.4,4.6,4.2,26,2
1,2,3,2,3,4,4,4,2,5,3,4,5,1,5,1,5,4,5,5,5,1,1,5,5,5,4,4,5,5,1,1,5,5,1,1,5,5,5,4.2,3.4,3,3.2,44,1
3,4,4,3,2,5,3,4,2,4,3,2,2,2,3,2,2,2,2,3,3,2,3,4,3,3,4,3,2,4,3,4,4,3,4,3,4,2,4,2.9,3.1,3.1,3.1,29,1
3,3,4,2,4,4,2,3,4,3,3,3,3,2,4,2,3,2,2,2,4,3,3,2,4,4,4,2,3,4,4,1,4,3,4,1,3,2,3,3.5,3,2,3.2,35,2
4,5,5,2,3,4,3,3,3,4,2,3,3,1,3,2,2,2,2,3,4,1,2,1,5,5,5,4,5,4,3,2,4,4,5,2,4,2,5,3.8,3.3,2.4,3.2,24,2
4,4,3,2,4,4,3,4,3,4,3,2,3,2,4,1,4,1,3,4,4,1,1,2,4,4,3,1,4,4,3,1,4,4,3,3,4,4,4,3.8,3,2.2,3,59,2
3,4,4,1,2,4,2,4,3,5,2,1,3,2,4,1,2,3,3,1,5,2,3,3,2,4,5,1,4,3,4,2,2,4,4,1,4,4,3,2.8,3.5,1.7,3.5,56,1
3,2,4,3,2,2,3,3,3,2,3,3,2,2,2,2,2,2,3,2,2,2,3,4,3,4,3,2,3,3,3,2,3,2,4,2,3,3,2,2.6,2.3,2.6,3.1,32,1
4,4,3,1,4,4,3,4,4,4,3,1,4,1,4,1,1,1,2,1,4,1,2,2,2,3,5,1,3,3,3,1,4,3,2,1,3,4,4,3.3,2.6,1.4,3.1,53,1
2,2,5,1,3,4,2,1,3,3,3,4,3,2,4,3,2,3,3,4,3,3,4,3,3,3,4,3,3,3,3,3,3,2,3,3,4,3,4,3,2.8,2.8,3.4,36,1
5,4,3,4,5,5,2,5,5,5,2,3,5,1,3,3,5,1,2,5,5,1,0,2,5,5,3,2,5,5,4,2,5,5,4,2,5,2,5,5,3.4,3.1,2.5,23,1
3,4,3,2,2,4,2,3,3,4,4,3,4,1,2,3,3,2,3,2,4,2,4,4,4,4,4,1,3,2,4,2,4,4,2,1,3,2,3,3.1,3.1,2.3,3,59,1
2,3,4,3,2,3,2,4,2,2,4,4,4,3,3,2,1,3,3,4,2,3,5,2,4,2,4,2,3,2,2,2,4,2,4,2,3,4,3,2.7,2.6,2.8,3.5,57,1
2,5,4,1,1,3,3,2,2,4,1,1,4,1,3,1,2,2,4,1,4,1,2,3,3,4,2,1,4,1,3,1,4,4,3,1,4,3,5,2.9,3,1.3,2.8,34,2
3,4,3,2,3,5,3,2,2,4,2,5,3,1,3,2,2,1,3,4,3,2,3,2,3,4,4,1,4,2,3,1,4,2,4,2,2,2,3,2.8,2.9,2.3,3,62,1
2,5,5,5,2,5,2,5,2,5,5,5,5,1,3,5,2,3,4,5,4,2,5,5,4,4,5,5,4,4,4,5,4,3,5,5,5,4,4,3.5,3.5,5,4.2,46,1
5,3,4,4,4,3,2,3,2,3,3,4,2,4,2,4,4,2,3,4,3,3,3,3,3,3,5,4,5,3,3,4,5,3,3,4,4,2,4,3.7,3,3.8,3,44,1
3,4,3,5,4,5,2,5,4,4,3,5,3,2,2,4,4,2,2,5,5,3,3,3,3,4,3,5,5,3,4,5,4,4,2,4,4,2,5,3.8,3.5,4.6,2.6,39,1
2,4,1,2,3,5,5,3,2,4,5,3,4,2,5,2,2,2,4,4,4,2,1,3,5,4,3,4,4,4,1,4,3,4,4,3,2,2,4,3.2,3.4,3.1,3.1,62,1
4,3,3,4,4,3,3,5,5,3,2,4,5,4,4,4,5,4,2,5,4,3,2,5,5,3,3,4,4,4,3,4,4,3,3,2,4,1,4,4.4,3.3,4.1,2.6,34,1
4,3,4,2,4,4,2,3,0,3,4,5,5,4,5,5,4,4,2,3,4,4,3,3,3,1,3,5,5,5,5,5,5,3,5,3,3,4,4,3.8,3.3,3.8,3.7,22,2
4,4,3,2,0,4,4,3,4,4,1,1,4,2,4,1,3,1,3,1,5,2,1,1,4,4,3,1,5,4,4,1,4,4,2,1,4,4,5,3.7,3.1,1.3,2.9,44,2
4,3,4,2,3,3,2,4,2,3,3,3,3,3,3,2,4,0,0,3,3,3,3,2,2,3,4,2,3,2,4,2,4,2,4,2,4,3,4,3.2,2.5,2.4,3,48,2
3,4,3,3,4,3,3,2,3,3,4,0,2,2,4,1,3,2,2,2,3,2,3,2,4,3,4,2,4,3,3,1,3,4,4,2,4,3,4,3.4,2.9,1.7,3.3,65,2
4,5,5,3,4,5,3,4,5,5,3,5,5,2,5,3,4,2,3,5,5,2,4,4,5,5,5,4,5,4,4,4,1,4,4,4,5,2,4,4.2,3.8,4,3.8,51,1
4,5,4,5,4,5,2,5,4,4,2,3,4,2,2,3,5,2,0,4,5,2,4,2,5,4,4,2,4,4,4,2,4,4,2,2,4,4,4,4.2,3.5,3.1,2.8,21,1
5,5,2,2,5,5,4,3,4,5,4,2,5,2,4,1,5,2,5,1,5,2,2,1,5,5,2,1,4,4,2,1,5,3,2,1,3,4,5,4.5,3.6,1.4,3.1,29,1
3,2,2,4,2,2,5,4,3,2,4,4,2,4,5,4,2,4,4,4,2,4,0,2,3,2,5,4,4,2,3,4,2,2,2,4,2,3,2,2.5,2.8,3.8,3.3,61,2
3,2,3,3,2,3,2,4,3,3,2,3,2,2,4,3,3,3,2,4,4,3,2,3,4,2,4,3,4,4,3,3,4,3,3,5,4,3,4,3.4,2.6,3.4,2.8,20,1
4,4,4,3,4,5,2,2,2,2,4,4,2,2,4,4,2,2,2,4,3,1,5,4,4,4,5,4,4,3,4,4,3,3,4,5,4,2,3,3.2,2.9,3.8,3.6,44,2
5,4,2,2,4,4,2,3,2,4,2,3,3,2,3,4,2,2,4,4,4,2,2,3,2,4,3,3,4,3,4,2,5,4,3,2,4,4,4,3.5,3.3,2.9,2.9,35,2
3,3,4,2,1,3,1,3,2,3,4,3,1,2,2,1,4,3,1,4,4,3,2,3,3,4,5,3,3,4,5,2,4,4,5,3,4,1,3,2.9,3.1,2.7,3,25,1
3,4,4,1,3,5,2,2,2,5,4,1,4,1,5,1,4,2,4,2,5,1,4,3,4,5,4,2,5,5,4,2,5,5,4,1,4,4,5,4,3.5,1.7,3.9,30,2
5,4,4,4,5,4,1,5,5,4,5,5,5,2,5,3,5,2,1,5,5,2,2,5,5,5,4,2,5,1,3,2,5,2,5,3,4,1,4,4.5,3.1,3.8,3.1,23,1
4,4,4,4,3,3,4,3,5,4,3,2,3,3,3,2,3,2,4,1,4,2,3,2,4,4,3,1,4,3,3,1,3,3,3,1,3,4,2,3.4,3.1,1.9,3.4,45,1
5,3,5,4,2,2,2,5,2,2,4,4,2,4,2,5,2,3,2,5,3,3,3,4,3,2,4,4,4,2,4,4,4,2,5,4,3,2,3,2.9,2.6,4.3,3.3,50,2
4,5,4,4,4,5,3,5,2,5,4,4,2,2,3,4,3,2,3,4,3,3,4,5,3,4,4,5,3,5,4,5,5,5,5,5,4,4,5,3.6,3.9,4.6,3.8,37,2
4,4,4,2,4,4,3,5,4,4,4,2,3,1,4,1,5,1,2,2,4,1,2,1,4,4,5,1,4,4,4,1,4,4,3,1,4,2,4,4,2.9,1.8,3.3,49,2
3,3,4,2,3,4,2,3,2,2,2,2,4,2,3,1,4,2,4,2,4,4,2,4,4,4,2,1,3,4,2,1,5,3,2,1,4,4,4,3.6,3,1.9,2.7,28,2
3,4,4,4,3,4,4,4,3,4,4,4,2,2,4,4,3,4,3,4,4,2,2,2,4,4,3,3,4,2,3,3,4,3,3,3,4,3,4,3.3,3.4,3.4,3.3,55,2
5,5,5,5,5,5,5,5,5,5,5,5,5,5,5,5,5,5,5,5,5,5,5,5,5,5,5,5,5,5,5,5,0,5,5,5,5,5,5,4.5,5,5,5,50,1
3,2,3,3,1,4,4,5,2,3,4,3,4,2,2,2,3,0,0,0,0,0,0,0,0,0,0,0,0,0,0,0,0,0,0,0,0,0,0,1.2,1.4,1.4,1.3,40,1
4,0,4,4,3,3,3,4,4,3,4,4,3,0,4,2,3,2,3,3,3,3,4,4,3,4,4,4,3,2,2,3,4,4,4,4,4,3,4,3.4,2.4,3.6,3.5,57,2
2,2,4,5,2,4,4,2,2,2,4,5,4,2,5,5,2,4,4,5,3,4,4,4,3,1,4,5,4,1,2,5,4,2,3,5,2,4,1,2.5,2.6,4.6,3.8,39,1
2,3,4,4,2,3,3,4,2,1,5,4,2,3,2,3,2,5,4,3,2,3,4,4,2,4,4,4,2,2,5,3,5,1,4,3,2,3,2,2.3,2.9,3.6,3.8,54,2
4,3,5,5,3,1,1,4,1,3,5,5,1,3,4,5,4,3,1,5,3,4,5,3,2,3,5,5,4,1,5,5,3,3,5,5,3,1,3,2.6,2.9,4.7,3.7,42,2
5,3,3,5,4,3,3,4,3,3,3,5,4,5,4,5,2,5,3,4,5,4,3,3,1,1,3,4,4,3,4,4,2,3,3,5,4,3,4,3.3,3.4,4.3,3.2,41,2
5,4,2,2,5,4,4,5,4,5,3,5,5,2,4,2,4,1,2,4,5,4,2,1,5,4,3,5,5,3,3,4,5,4,2,1,5,4,5,4.6,3.5,3.2,2.9,59,1
4,3,4,3,2,2,2,2,2,3,4,4,3,2,1,3,2,3,4,5,4,3,3,4,4,4,4,5,3,3,4,4,4,4,3,3,4,5,4,3.2,3,3.7,3.4,19,2
5,4,3,3,5,4,4,4,4,4,3,2,5,1,3,1,5,4,3,3,5,1,2,4,5,5,4,1,5,0,0,3,5,4,3,3,4,3,5,4.4,3.4,2.7,2.8,41,2
4,4,2,4,3,3,4,3,2,3,4,2,4,3,4,2,1,1,2,3,4,2,1,1,5,3,5,2,4,2,4,4,1,2,4,2,4,3,5,3.2,2.6,2.6,3.3,19,2
4,2,3,4,3,3,2,4,2,2,5,3,2,3,2,3,3,3,2,3,3,3,3,3,3,2,2,3,3,2,5,3,2,2,4,3,3,1,4,2.8,2.5,3.2,2.9,34,2
4,3,5,1,4,4,3,3,4,4,4,1,4,2,2,1,5,4,5,1,5,3,1,2,5,4,4,1,5,5,5,1,5,4,4,1,5,5,5,4.6,3.5,1.3,3.8,65,2
4,3,4,3,4,4,2,4,5,4,3,3,4,3,3,3,4,4,3,3,5,3,4,4,4,3,4,3,4,4,4,3,4,4,4,3,4,3,4,4.1,3.5,3.2,3.4,18,1
4,4,4,3,4,5,1,3,4,5,3,1,2,1,5,1,4,1,2,2,4,1,3,2,4,5,5,1,5,4,2,1,4,5,4,2,5,3,5,4.1,3.4,1.8,3.2,48,2
1,3,2,2,4,4,2,4,4,4,1,4,4,3,5,3,4,4,3,4,5,4,1,1,3,3,2,4,3,4,4,2,4,4,3,4,3,3,4,3.5,3.6,3.1,2.6,59,1
3,4,3,3,4,4,2,3,4,3,4,3,2,3,3,2,2,3,3,2,3,2,3,2,3,3,4,2,4,3,4,2,3,4,3,2,2,3,3,3,3.3,2.3,3.2,52,2
4,3,3,4,3,2,1,4,2,2,2,4,1,2,1,2,3,2,1,1,2,2,3,3,3,4,4,2,4,3,4,2,5,4,4,1,4,2,5,3.4,2.6,2.6,2.5,23,2
4,3,2,4,4,0,4,4,3,4,2,2,3,2,5,1,1,3,3,1,1,3,5,5,5,5,4,5,5,3,3,5,5,5,3,1,1,3,5,3.5,3.1,3.1,3.4,61,2
4,3,3,4,3,2,3,4,5,5,3,4,5,3,5,3,3,4,4,5,5,2,3,4,3,2,3,4,5,3,3,2,5,3,3,4,3,4,3,3.8,3,3.8,3.4,50,2
4,1,3,4,1,2,3,4,1,2,4,4,2,4,3,4,3,4,2,4,4,4,4,3,2,1,3,4,3,2,5,4,3,1,5,3,3,1,4,2.5,2.4,3.8,3.3,17,2
4,2,4,5,2,3,4,3,2,2,4,5,3,3,3,4,2,4,3,4,4,4,2,4,3,2,4,5,4,2,4,5,2,4,5,5,5,2,4,3,3,4.4,3.5,41,2
4,4,5,4,4,4,2,5,5,4,5,3,4,2,2,1,4,2,4,3,5,2,5,3,4,5,5,2,4,2,1,2,4,4,5,2,5,3,5,4.1,3.4,2.8,3.7,61,1
2,2,3,3,1,2,2,4,4,2,1,1,5,3,4,3,3,3,2,4,4,1,3,2,4,5,4,3,4,3,3,3,2,1,4,4,4,2,5,3.4,2.4,3,2.8,19,2
4,3,3,3,4,3,3,3,3,3,2,3,3,3,4,3,3,3,2,3,3,3,2,3,3,3,3,3,4,2,3,3,3,3,3,3,3,3,3,3.2,3,3,2.8,65,1
3,5,3,3,3,4,3,3,3,5,2,3,3,2,3,2,3,2,3,3,3,2,3,3,4,5,5,3,4,4,5,3,4,3,5,4,4,3,3,3.5,3.5,3,3.5,49,2
2,3,4,2,1,3,1,4,1,3,2,2,1,2,3,2,2,2,1,3,3,2,3,2,5,2,3,2,4,4,5,2,4,2,5,1,2,1,2,2.5,2.4,2.2,2.8,34,1
3,4,4,4,4,5,4,3,4,5,3,4,4,2,3,3,3,2,3,3,5,2,3,3,4,4,4,4,5,4,4,3,5,5,3,3,3,3,3,3.8,3.6,3.3,3.4,57,2
3,4,1,1,1,4,5,4,3,4,2,1,2,4,5,1,1,2,5,1,2,3,1,1,1,4,1,1,2,2,3,1,5,4,1,1,4,5,4,2.5,3.6,1.3,2.9,79,1
4,5,2,4,3,4,5,5,3,5,3,5,4,2,5,5,4,1,5,5,5,1,2,5,5,5,3,5,4,5,1,5,5,5,1,4,4,5,3,4,3.5,4.8,3.2,32,2
5,5,5,1,5,3,4,4,3,4,3,1,5,3,4,1,4,2,5,1,5,1,2,1,5,4,2,1,5,5,5,1,5,4,3,1,5,3,4,4.6,3.3,1.3,3.6,48,2
4,2,4,3,3,3,2,3,2,2,4,3,2,4,3,4,2,4,3,3,2,3,3,3,2,3,4,3,4,2,3,3,3,2,4,3,3,2,3,2.7,2.9,3.1,3.2,39,1
5,4,5,5,2,5,1,5,2,5,5,5,5,2,2,5,5,2,5,5,5,1,2,3,5,5,5,5,5,5,5,5,5,4,5,4,5,2,5,4.5,3.5,4.7,3.7,31,2
4,5,3,4,4,5,3,5,3,5,2,3,2,1,4,3,2,1,3,3,3,1,2,3,4,5,4,3,4,5,3,3,5,5,3,2,5,4,4,3.8,3.5,3.2,3.1,55,1
4,3,4,3,3,3,3,4,3,3,3,4,3,3,4,2,4,3,2,3,4,3,3,4,3,3,4,3,4,3,4,3,4,3,4,3,4,2,4,3.5,3,3.2,3.3,72,2
4,3,4,2,2,2,4,3,3,3,3,2,3,4,5,2,3,4,3,2,4,4,3,3,3,3,4,2,4,3,3,1,2,2,3,2,2,3,4,3,3.1,2.1,3.5,36,2
5,5,3,2,5,5,3,3,3,5,2,2,5,2,5,2,4,2,3,3,5,2,2,2,5,5,3,2,5,4,3,2,4,5,3,2,4,3,5,4.5,3.9,2.2,3,36,2
1,4,5,5,3,4,0,3,1,3,5,3,2,3,3,3,3,3,2,4,3,3,4,3,3,3,5,4,3,3,4,4,3,4,4,4,2,3,2,2.4,3.4,3.7,3.5,17,1
4,3,3,4,3,3,3,4,3,3,4,4,4,4,5,4,4,4,3,3,4,3,4,4,4,4,3,4,4,3,4,4,5,3,4,4,5,3,4,3.9,3.4,3.9,3.6,38,3
2,5,2,2,2,5,4,4,3,5,2,3,4,5,4,1,2,1,4,1,4,5,1,1,5,5,4,1,5,4,2,1,2,0,3,3,2,4,4,3.2,3.9,1.9,3,63,1
5,4,1,1,4,5,4,4,5,5,4,1,4,1,4,1,4,1,4,4,5,1,1,4,5,4,3,1,4,5,5,1,5,5,1,1,5,5,4,4.5,3.3,2,3.2,61,1
5,5,3,2,5,5,4,2,0,5,3,2,5,1,4,2,5,1,2,2,5,1,2,1,2,5,3,1,5,1,2,1,5,5,2,1,5,2,4,3.8,3.5,1.6,2.7,53,2
4,3,3,5,4,3,2,5,4,4,2,3,2,2,4,3,4,2,3,4,5,2,3,4,5,4,4,3,4,4,4,5,4,4,4,5,4,3,4,3.9,3,4.1,3.2,26,1
4,0,2,1,3,5,3,2,2,5,2,1,3,1,4,2,4,1,4,3,4,1,3,2,3,5,3,1,4,4,4,1,3,5,3,1,3,3,4,3.4,2.9,1.6,3.1,50,2
5,2,3,4,5,5,3,4,5,5,4,3,5,1,4,4,5,2,2,4,4,2,2,4,2,2,4,3,5,3,2,4,5,3,3,3,4,3,2,4.2,2.8,3.7,3,34,0
4,3,2,3,4,4,4,3,4,4,3,2,4,3,4,2,4,3,4,2,4,2,4,3,4,3,4,2,4,4,2,2,5,3,2,2,4,4,4,4.1,3.1,2.3,3.3,69,2
4,4,3,3,3,3,4,4,4,3,2,3,4,2,4,3,3,2,3,3,3,2,2,3,4,3,3,3,4,4,3,2,4,3,3,3,3,3,3,3.6,2.8,3,3,45,2
5,3,2,3,4,2,3,4,2,3,2,2,3,4,4,2,2,4,3,3,4,2,2,4,3,2,4,2,4,3,3,2,4,3,2,4,5,3,4,3.5,2.9,2.9,2.8,61,2
5,5,2,3,5,4,2,3,4,4,3,2,5,2,5,2,5,2,3,3,4,2,2,1,5,5,3,2,5,5,3,2,5,4,2,2,5,3,5,4.9,3.5,2.2,2.8,30,2
5,3,4,3,5,3,2,5,3,3,3,4,3,4,3,4,2,3,2,5,4,3,3,3,4,3,3,3,4,3,4,4,2,4,4,4,2,2,4,3.4,3.3,3.9,3,37,2
4,4,3,2,3,4,3,3,1,3,3,3,3,3,3,1,4,3,3,4,5,3,2,2,5,3,5,2,5,5,4,2,4,3,3,2,4,3,4,3.8,3.3,2.3,3.2,29,2
5,5,1,2,4,5,5,4,4,4,2,2,4,1,5,1,2,1,5,2,4,1,2,2,4,5,4,2,4,4,2,1,4,5,2,2,5,5,4,4,3.4,2,3.3,39,2
3,5,4,3,1,3,2,3,2,1,5,4,4,2,5,4,2,5,4,4,3,2,4,5,3,3,5,4,1,3,3,3,2,5,4,3,4,3,4,2.6,3.3,3.7,3.9,19,2
3,4,2,1,2,3,3,4,2,3,3,2,2,3,4,1,2,2,3,1,3,2,2,1,3,0,4,1,4,4,4,1,4,3,3,1,3,3,3,2.9,2.5,1.4,3.1,29,2
2,5,2,2,2,5,4,5,4,5,3,1,4,1,5,1,4,5,4,1,5,1,1,1,4,3,3,1,5,1,3,1,5,5,2,1,5,4,4,3.6,3.8,1.6,3.1,55,2
3,5,5,2,2,5,3,3,2,5,3,2,2,2,4,2,3,2,3,3,4,2,4,4,4,5,5,2,5,4,3,2,4,5,3,2,5,3,4,3.5,3.9,2.4,3.6,25,2
3,4,5,4,3,4,2,2,2,3,3,4,3,3,3,2,1,3,3,2,4,3,5,2,3,4,4,2,3,3,5,2,3,4,5,3,3,3,3,2.7,3.5,2.6,3.8,21,2
5,4,3,5,4,4,3,5,2,4,4,5,2,2,5,5,3,2,3,5,3,2,3,5,3,4,4,5,4,3,3,5,4,5,4,5,5,3,5,3.6,3.4,5,3.5,36,2
3,3,4,1,3,3,3,1,3,2,3,2,2,2,4,2,5,2,4,4,2,3,2,4,3,4,4,3,3,5,3,2,3,2,3,4,4,4,5,3.5,2.6,2.6,3.4,20,2
4,5,4,2,4,5,2,4,3,4,2,4,3,1,3,3,4,3,2,4,4,1,1,4,5,4,2,4,5,2,3,1,5,5,4,2,5,2,4,4,3.5,3.1,2.5,32,2
2,3,3,2,3,3,3,4,2,4,3,4,3,4,0,2,4,2,5,2,4,2,2,4,4,2,4,2,4,4,2,2,4,5,3,4,0,5,3,3,3.1,2.9,3,53,1
5,5,2,2,4,5,3,5,3,4,2,2,3,1,4,2,4,1,3,4,4,1,2,3,4,5,2,2,4,5,2,1,4,5,1,1,5,0,4,4.1,3.4,2.4,2.1,32,1
4,5,3,4,3,4,4,5,3,0,4,5,3,5,5,4,3,4,4,4,3,3,3,3,4,5,5,4,3,3,3,4,4,0,3,4,2,4,4,3.3,3.3,4.1,3.8,48,1
4,5,3,4,3,4,2,4,3,5,2,4,3,2,4,3,3,3,2,2,3,2,2,4,4,5,4,2,4,3,4,4,4,2,3,2,3,2,4,3.5,3.5,3.2,2.8,25,2
4,4,3,2,3,4,3,3,3,4,3,3,3,2,4,2,3,2,3,2,4,2,3,2,4,3,3,2,4,0,4,1,4,3,3,2,4,3,4,3.3,3,2.1,3.2,46,2
5,4,4,4,4,4,4,4,4,4,5,4,4,3,4,5,4,3,4,4,4,3,4,4,4,4,4,4,4,4,4,4,4,5,4,4,4,4,4,4.1,3.8,4.1,4.1,48,2
5,4,5,4,4,4,5,5,1,5,2,2,1,4,5,3,5,5,5,5,5,0,3,5,5,1,5,3,5,1,5,3,5,1,5,1,5,5,5,3.8,3,3.4,4.5,58,2
3,5,1,3,2,5,3,2,1,1,2,3,1,2,4,1,2,1,5,1,2,4,3,3,3,5,2,1,2,2,2,1,1,5,3,2,2,4,4,2.1,3.5,1.9,2.9,29,1
5,5,3,5,4,5,3,5,3,2,5,3,5,1,5,1,5,1,1,1,5,1,1,5,3,5,5,1,5,5,3,1,5,3,3,1,5,3,5,4.5,2.9,2.6,3.2,20,1
4,4,4,1,5,4,3,3,1,5,3,2,3,3,4,1,4,2,3,3,4,1,4,2,3,4,4,2,4,3,3,1,3,4,3,2,4,2,4,3.5,3.4,1.9,3.3,21,1
5,5,2,2,4,5,4,5,3,5,2,4,5,1,4,5,5,1,4,1,5,1,2,4,5,5,4,5,5,5,4,1,5,5,2,1,5,4,5,4.7,3.5,3.1,3.2,46,2
2,2,4,4,2,4,3,2,2,2,4,4,2,3,3,3,1,4,3,4,1,3,2,3,2,2,2,3,2,1,4,4,4,4,4,4,2,2,3,2.1,3,3.4,3.1,35,1
4,4,3,4,4,5,4,4,5,5,3,2,5,1,2,3,4,1,4,4,4,1,3,5,3,4,3,2,5,3,4,3,4,5,4,4,4,3,4,4.1,3.3,3.4,3.3,35,1
4,4,3,2,4,4,3,4,4,4,3,3,4,2,3,3,4,2,3,4,4,2,2,3,4,3,2,2,4,4,3,3,4,3,2,3,4,3,4,4,3,3,2.7,26,2
3,5,3,3,4,5,5,3,4,5,2,3,4,1,4,3,4,1,4,3,5,1,2,3,4,5,3,2,5,4,2,2,5,5,3,4,5,4,5,4.3,3.5,2.9,3.2,36,2
2,4,5,5,0,4,1,4,1,3,4,3,2,2,1,3,2,4,2,3,3,2,5,1,3,5,5,3,2,2,4,2,3,1,4,2,3,1,3,2.1,3.1,2.9,3.2,30,1
3,3,4,4,3,4,2,5,4,3,4,4,2,3,4,3,4,3,2,3,4,4,4,2,3,3,5,3,4,4,3,3,4,3,4,4,5,3,4,3.6,3.3,3.4,3.5,23,2
3,4,4,2,4,4,3,4,2,4,2,2,3,4,3,2,2,2,2,2,3,2,2,2,2,4,3,1,4,4,3,2,3,4,2,1,3,2,3,3,3.5,2,2.6,31,2
1,1,5,5,2,1,2,5,4,1,4,5,4,5,3,5,1,5,2,4,5,4,5,4,5,2,5,5,5,5,2,5,3,1,5,5,5,1,5,3.6,2.5,4.8,3.4,17,2
2,4,5,5,1,5,2,3,4,3,4,5,1,2,2,4,1,2,2,5,1,2,4,5,4,5,5,5,3,3,4,4,2,4,4,5,5,2,4,2.7,3.4,4.6,3.4,24,1
4,4,4,4,4,2,2,4,3,2,3,4,3,3,2,3,4,4,2,4,4,4,2,3,3,2,3,4,3,3,4,4,4,2,4,3,4,2,3,3.5,2.9,3.7,2.8,33,1
4,4,3,4,4,4,3,4,4,4,2,3,3,2,3,2,3,2,3,4,3,2,2,4,3,4,2,3,3,3,2,2,4,3,3,4,4,3,4,3.5,3.1,3.3,2.6,32,1
5,4,5,1,5,4,1,5,5,3,2,5,3,2,1,5,1,5,1,4,5,4,1,5,5,1,5,5,4,5,5,5,4,4,5,5,5,1,4,4.2,3.4,4.4,2.7,19,1
4,5,2,1,5,5,3,5,4,5,2,2,4,2,5,1,2,1,3,2,5,1,1,3,4,4,3,1,5,0,4,1,5,4,3,1,5,3,4,3.8,3.4,1.9,2.9,43,2
2,2,4,4,2,3,2,2,2,3,4,3,2,3,3,3,3,4,2,3,2,4,4,3,2,2,4,4,3,2,3,4,3,2,4,4,2,2,2,2.3,2.9,3.3,3.2,48,1
5,5,2,2,5,5,3,3,4,4,2,1,5,2,2,1,4,1,1,1,5,1,2,1,5,5,3,1,5,5,3,1,5,1,1,2,5,1,5,4.8,3,1.4,2,41,2
5,5,3,1,2,5,4,2,2,3,3,1,1,2,4,1,5,1,1,1,5,1,1,2,5,5,2,1,5,4,3,1,5,3,1,1,5,4,4,3.9,3.1,1.2,2.6,53,1
3,2,3,3,3,4,3,4,2,2,4,2,4,4,3,2,4,4,2,2,4,4,4,2,4,2,5,2,4,4,3,2,5,3,2,2,3,2,2,3.5,3.1,2.3,3.1,33,1
4,5,3,4,3,5,3,3,4,5,4,3,3,4,4,2,4,5,2,2,4,0,0,0,0,0,0,0,0,0,0,0,0,0,0,3,4,2,4,2.4,3,1.9,1.8,51,2
2,4,4,5,2,3,2,5,3,4,4,5,3,2,2,4,2,4,2,4,4,3,4,4,3,4,4,4,4,4,4,4,4,2,4,4,4,1,4,3.2,3.3,4.3,3.1,26,2
4,4,3,2,5,5,4,3,4,4,3,2,5,1,4,2,4,2,4,2,5,1,2,2,5,4,3,2,4,5,3,2,5,3,2,3,4,4,4,4.5,3,2.2,3.2,42,2
4,4,3,2,3,4,4,2,3,4,3,1,4,1,5,1,3,1,5,1,4,1,2,2,5,5,5,1,5,3,1,1,5,4,1,1,4,4,4,3.9,3,1.3,3.3,44,2
3,4,4,1,2,5,4,2,2,5,3,1,2,1,2,1,2,1,3,2,3,1,3,3,4,5,4,1,5,3,1,1,5,5,4,1,2,2,5,3.2,3.4,1.4,3,51,1
3,4,2,1,3,4,2,5,3,4,1,1,5,4,4,3,2,2,3,2,4,1,2,2,3,4,4,1,5,4,2,1,5,3,2,1,4,3,4,3.7,3.3,1.9,2.5,59,1
3,5,3,1,3,5,3,4,2,5,1,1,2,1,4,1,2,1,3,1,4,1,2,1,5,5,4,1,5,3,3,1,5,5,4,2,3,2,2,3.2,3.5,1.4,2.9,42,2
4,3,3,1,3,3,3,4,3,3,4,2,3,2,5,2,2,4,2,0,2,3,2,2,3,2,5,2,3,2,3,2,4,2,4,2,2,3,2,2.8,2.8,1.9,3.4,40,1
4,3,3,3,4,4,4,4,2,3,3,3,4,2,4,2,3,2,3,3,4,3,3,2,4,3,4,2,4,3,3,2,4,3,3,3,3,3,4,3.5,2.9,2.7,3.3,34,2
4,3,2,2,3,3,5,4,3,3,2,2,3,2,5,2,4,2,4,2,4,2,2,2,4,4,2,2,4,3,1,2,5,3,2,2,3,5,4,3.6,2.8,2.2,3,54,1
4,3,4,2,4,5,5,4,3,4,4,1,5,2,4,2,5,1,4,3,5,2,2,3,5,4,3,1,5,4,2,3,5,5,4,2,4,4,3,4.3,3.3,2.3,3.6,54,1
3,5,3,2,2,5,4,4,1,4,4,2,3,1,5,2,2,1,4,3,4,1,2,2,4,1,4,1,3,2,2,2,4,4,2,2,2,4,4,2.7,2.8,2.2,3.4,49,1
2,2,4,2,3,4,3,4,4,4,4,2,3,1,4,1,3,2,3,2,3,1,4,4,2,2,4,1,3,2,4,1,3,3,4,2,2,3,2,2.6,2.4,2.1,3.7,53,1
2,4,4,4,3,4,3,3,3,4,3,2,3,2,4,1,3,4,3,1,3,2,3,1,3,4,4,2,3,2,4,2,3,4,3,2,3,3,3,2.8,3.5,2,3.4,51,2
5,4,3,3,4,5,4,4,4,4,3,3,4,1,5,1,4,0,3,3,5,1,2,2,4,4,3,2,4,5,3,2,4,5,2,2,4,4,4,4.2,3,2.4,3.2,55,1
5,4,5,5,3,4,4,4,5,5,4,5,5,2,5,5,2,2,5,5,4,1,2,5,5,2,5,5,3,2,3,5,4,4,4,5,5,3,2,3.7,3,4.9,4,17,2
4,4,5,2,4,4,2,4,4,4,2,4,5,2,4,4,4,3,2,5,5,2,4,5,4,4,5,5,4,4,4,5,3,2,4,2,5,2,4,4.1,3.1,4,3.4,23,1
4,4,2,3,4,5,3,5,3,4,5,3,4,1,5,3,0,1,4,1,5,1,1,5,5,5,5,1,5,5,3,1,5,5,3,3,4,4,3,3.8,3.3,2.8,3.5,66,1
3,3,2,3,3,3,1,4,4,4,3,3,4,2,4,3,3,2,3,3,4,2,3,2,4,4,4,3,4,3,4,3,4,4,4,4,3,3,2,3.4,3,3.1,3.1,58,2
4,3,2,1,5,4,4,2,4,4,2,1,4,2,4,1,3,2,3,1,4,2,1,2,4,4,3,1,3,4,2,1,4,4,2,1,5,4,5,4.1,3.1,1.2,2.7,60,2
3,4,3,3,4,4,3,5,3,4,3,2,2,2,3,2,4,2,3,4,4,3,3,3,4,4,3,2,3,3,2,3,2,3,4,4,3,3,5,3.3,3.3,3.1,3,25,1
3,4,2,1,2,5,2,5,2,3,2,4,1,1,4,3,2,1,4,5,2,2,1,3,3,4,4,3,2,5,4,4,3,5,4,1,4,2,4,2.8,3.1,3.2,2.9,61,1
5,5,1,1,5,5,5,5,5,5,5,4,5,1,5,1,5,1,1,5,5,1,1,5,5,5,4,2,4,5,3,1,5,5,1,1,5,5,5,4.9,3.5,2.8,3.1,23,1
5,2,4,4,4,2,1,5,4,4,3,4,4,5,5,5,2,5,3,5,3,2,5,4,5,3,5,5,2,4,4,5,5,3,4,2,5,3,2,3.8,3.3,4.3,3.7,19,1
3,2,4,3,2,3,4,4,2,4,4,5,2,3,5,2,4,4,4,3,4,3,2,3,4,2,4,3,4,2,4,2,4,3,2,3,2,4,2,2.8,3,3.1,3.7,55,2
2,5,4,4,1,4,3,2,1,5,4,3,4,1,5,1,4,1,4,1,5,1,3,3,5,5,3,1,5,4,4,1,5,5,3,2,4,3,4,3.5,3.4,2,3.6,50,2
3,1,4,2,3,1,2,3,3,2,4,5,4,0,3,3,1,5,3,5,3,4,4,4,2,2,5,4,3,5,3,2,2,1,2,3,5,3,5,3.3,2,3.4,3.3,24,1
4,3,2,3,3,4,4,3,3,3,2,2,4,2,4,1,3,2,3,2,4,3,2,2,4,4,2,2,4,3,3,2,4,3,2,2,4,3,4,3.6,3,2.1,2.7,47,1
3,3,4,3,3,3,4,2,3,3,2,2,3,2,4,1,2,3,4,1,3,3,3,2,3,3,4,2,2,2,2,1,3,2,3,1,2,4,3,2.6,2.8,1.7,3.4,17,1
4,5,2,4,4,5,3,5,3,5,1,3,4,1,5,2,4,1,3,5,5,2,2,4,4,5,3,2,4,5,3,1,5,5,2,1,4,4,5,4.2,3.6,3,2.8,24,2
5,4,3,4,3,2,4,4,2,3,3,3,4,3,5,1,2,3,4,3,4,3,2,2,4,3,4,2,5,4,2,2,4,3,2,3,5,4,5,3.9,3,2.7,3.3,27,2
2,2,5,3,2,2,1,2,3,4,5,4,2,2,1,5,4,2,1,2,4,2,1,4,0,3,1,2,5,2,0,3,1,2,5,4,2,1,2,2.3,2.4,3.2,2.1,44,1
3,3,4,5,3,3,4,3,2,3,4,4,3,3,5,4,3,3,4,4,4,3,4,4,2,2,4,2,3,2,2,2,3,3,4,3,2,3,4,2.7,2.9,3.4,3.8,43,1
4,4,2,3,4,4,4,4,4,4,1,2,3,2,4,2,2,1,3,2,4,1,2,2,3,4,3,2,4,4,2,2,4,4,2,2,4,3,4,3.6,3,2.3,2.6,57,1
3,4,4,3,2,5,2,4,3,4,3,3,0,1,3,3,3,2,3,3,3,2,3,3,3,4,4,3,4,3,3,3,3,4,3,3,3,4,5,2.9,3.3,3.1,3.2,63,1
4,4,5,4,3,3,2,4,3,4,4,4,2,3,2,3,4,3,3,3,3,3,4,3,3,3,4,3,3,3,4,3,4,4,4,3,3,3,4,3.3,3.4,3.3,3.5,57,2
4,5,3,3,3,5,4,4,3,5,3,3,3,2,4,3,3,1,4,2,4,1,3,3,4,4,3,3,5,4,3,2,4,4,3,3,5,4,4,3.8,3.4,2.9,3.4,51,1
4,4,2,2,4,3,3,4,2,5,2,2,4,3,5,1,3,3,4,1,4,2,2,1,5,5,3,1,5,5,2,1,5,4,1,1,5,4,5,4.3,3.6,1.6,2.8,37,2
3,4,4,2,4,3,3,4,4,4,4,1,4,2,3,1,3,1,3,1,4,1,1,1,4,4,3,1,4,4,1,1,5,4,3,1,4,3,4,3.9,2.9,1.4,2.8,58,2
4,1,5,2,3,2,3,4,3,2,2,1,4,4,4,3,3,5,3,2,4,4,3,3,4,1,4,2,3,1,4,2,4,2,4,1,3,3,4,3.3,2.6,2.2,3.5,42,1
2,3,2,2,2,2,2,4,3,3,2,3,2,4,3,4,2,4,2,4,4,4,4,4,3,2,4,4,4,2,4,3,4,2,3,4,3,3,4,2.8,3,3.6,2.9,20,2
4,3,4,5,4,3,4,4,2,3,2,3,3,3,5,2,4,4,3,4,4,2,2,1,3,4,5,3,4,3,2,3,4,2,3,3,4,4,5,3.6,3,3.1,3.4,99,3
4,3,4,4,4,3,3,4,5,2,4,4,4,4,3,5,3,4,3,5,3,2,4,5,4,3,4,5,3,4,4,5,3,3,4,4,4,2,3,3.7,3,4.6,3.5,64,1
4,3,3,2,3,4,4,2,2,4,3,3,3,3,4,3,3,2,4,2,3,4,4,2,4,2,2,3,4,2,2,3,3,3,3,2,3,5,5,3.3,3.1,2.4,3.4,66,1
3,4,4,4,3,4,3,4,2,2,4,4,4,2,4,2,4,1,3,4,4,4,4,4,2,4,4,4,2,4,2,2,2,4,5,4,4,4,4,3.1,3.1,3.6,3.7,69,2
5,4,3,1,4,5,3,4,3,4,2,3,4,2,5,3,3,1,2,4,5,2,2,4,5,4,3,3,5,4,4,3,5,3,3,2,5,2,3,4.2,3.1,3,2.9,37,1
3,4,3,3,3,3,4,3,3,4,4,3,4,4,4,5,4,4,4,3,5,2,2,3,5,4,5,4,5,2,4,3,5,4,3,4,4,4,5,3.9,3.6,3.4,3.7,48,2
4,4,5,4,4,4,1,5,4,5,5,4,3,2,5,3,1,1,4,4,5,1,2,4,5,5,5,4,5,5,4,4,5,5,4,1,3,4,5,4,3.4,3.7,3.9,43,2
3,2,3,4,4,3,3,5,2,2,3,5,4,4,5,4,5,4,3,3,5,2,2,3,5,2,4,4,4,4,4,4,5,3,1,4,4,4,4,4,2.8,4,3.2,32,2
5,5,1,3,5,4,4,3,3,3,1,3,4,1,4,2,4,3,3,3,3,1,2,3,3,3,3,1,3,3,3,1,4,4,3,3,3,3,3,3.6,3,2.4,2.7,61,1
4,5,3,1,4,5,3,3,3,5,3,2,3,1,4,1,4,1,2,4,4,1,2,2,3,5,3,1,4,4,2,1,4,4,3,2,4,3,4,3.7,3.4,1.9,2.8,61,1
3,3,3,3,3,3,3,3,3,3,3,3,3,3,3,3,3,3,3,3,3,3,3,3,3,3,3,3,3,3,3,3,3,3,3,3,3,3,3,3,3,3,3,22,0
4,4,5,3,4,5,3,3,4,5,3,3,3,3,3,3,4,3,3,3,4,2,5,2,4,4,4,2,4,4,3,2,4,4,4,2,4,2,3,3.8,3.8,2.6,3.5,49,2
4,5,3,1,4,4,4,3,3,4,3,2,5,2,4,1,4,1,2,1,4,2,3,2,4,4,3,2,5,2,4,2,5,4,2,2,3,3,4,3.9,3.3,1.8,3.1,66,2
3,4,3,2,2,3,3,4,2,4,4,2,3,2,4,3,2,2,3,2,3,3,2,4,3,3,3,2,3,3,4,2,3,3,2,2,2,3,3,2.6,3,2.6,3.1,28,1
2,3,2,2,2,4,2,2,2,4,4,4,4,1,4,2,2,2,2,2,4,2,3,2,4,4,4,4,4,2,4,4,4,4,4,2,3,2,4,3,3,2.7,3.1,53,2
4,3,4,4,3,4,3,4,3,3,3,4,3,3,5,4,4,3,2,4,4,3,3,3,4,3,4,4,3,4,2,3,4,3,3,4,3,3,4,3.5,3.1,3.8,3.2,42,1
4,3,4,3,3,3,3,4,2,3,4,3,4,3,3,2,3,3,3,2,3,2,3,3,4,4,3,3,4,3,4,3,4,2,4,3,3,2,4,3.5,2.9,2.9,3.3,60,2
4,3,3,3,4,3,4,4,1,4,4,3,1,4,3,3,5,5,2,2,4,4,3,4,5,3,5,2,5,2,3,2,4,4,4,4,4,2,5,3.6,3.8,3,3.3,32,0
4,4,3,4,4,4,3,4,3,4,2,5,4,2,5,5,5,2,3,5,4,2,3,4,4,4,4,4,5,4,4,4,2,4,4,5,4,3,4,3.9,3.3,4.4,3.4,35,2
3,3,4,3,2,3,3,4,4,3,2,3,3,3,2,3,3,3,2,3,4,3,3,4,4,3,4,3,3,4,3,3,5,5,4,3,3,3,4,3.5,3.3,3.2,3,21,1
5,4,2,5,5,4,4,5,5,4,1,4,3,1,4,1,5,1,5,5,5,1,1,5,5,2,1,5,5,4,3,4,4,2,4,5,4,4,4,4.5,2.4,4.3,2.9,50,1
2,5,1,5,5,5,3,5,2,4,1,5,1,3,2,1,3,2,3,5,5,5,2,3,3,4,1,1,3,5,5,1,1,3,1,1,5,3,5,3.2,3.9,3,2.2,21,1
3,3,4,2,4,3,2,4,3,3,4,2,2,3,2,2,2,3,2,4,3,2,4,2,4,3,3,3,4,3,4,2,4,2,3,4,3,2,4,3.3,2.8,2.8,3,34,1
2,4,3,4,3,5,2,5,1,3,3,5,1,4,4,5,3,4,0,3,3,4,2,5,2,0,3,3,2,4,5,3,2,3,4,5,3,4,4,2.5,3.4,4.2,3,53,1
2,4,5,4,2,4,3,4,2,4,4,4,2,2,4,2,2,2,3,3,3,2,4,1,3,4,5,4,4,2,3,4,3,4,5,4,3,3,3,2.5,3.3,3.3,3.9,35,2
3,4,2,3,3,3,4,3,1,3,3,2,1,3,4,1,2,2,3,1,2,2,3,1,2,3,4,1,3,3,3,1,3,2,2,1,3,4,2,2.4,2.8,1.6,3.2,62,2
4,5,3,2,4,5,3,5,4,5,2,2,5,1,5,2,5,1,2,2,5,1,3,1,5,5,4,1,5,5,2,1,5,5,3,1,5,3,5,4.7,3.5,1.9,3,28,2
4,4,4,4,4,4,3,3,3,4,2,3,3,2,3,3,3,2,3,2,4,2,2,2,3,3,4,3,4,2,3,3,4,4,3,4,3,2,4,3.4,3.1,3,2.9,50,2
4,3,3,2,4,3,4,3,2,1,2,1,4,2,3,2,2,3,4,2,4,2,2,1,4,3,2,1,4,3,3,1,5,4,2,2,3,4,3,3.5,2.6,1.7,2.9,59,1
4,4,3,3,2,4,4,5,4,5,3,3,4,1,4,3,4,1,4,4,5,1,2,4,4,4,4,1,5,5,2,3,4,3,4,3,5,4,4,4.1,2.9,3.2,3.4,29,1
4,4,3,3,4,2,4,5,5,4,3,3,4,4,4,3,4,3,4,4,4,3,3,3,4,4,2,2,4,4,3,2,5,2,3,2,5,4,3,4.2,3.3,3,3.3,18,1
3,4,3,3,3,4,3,4,2,4,4,3,0,2,3,3,3,2,3,4,3,2,2,3,4,3,4,3,4,4,3,3,4,3,3,3,2,3,3,2.9,3,3.2,3.1,24,2
3,3,5,5,2,3,4,0,2,3,5,5,3,3,5,3,2,5,3,5,3,3,5,2,1,2,5,4,5,5,5,5,1,3,5,5,5,3,4,3,3.1,3.8,4.5,20,2
1,4,5,4,3,0,2,2,1,4,4,3,2,2,2,4,4,2,2,3,2,2,4,4,4,4,4,3,4,4,4,4,4,4,4,4,4,2,2,3,2.8,3.4,3.3,28,2
3,3,4,3,3,3,4,2,3,3,3,2,5,3,3,2,3,3,3,2,4,3,2,2,4,3,3,2,4,3,3,2,4,3,3,2,3,3,3,3.5,3,2.1,3.1,59,1
4,3,3,1,4,2,2,4,4,3,3,1,3,3,4,1,5,4,3,1,5,4,2,3,5,2,4,1,5,4,1,1,5,1,3,1,3,2,4,4.2,2.8,1.6,2.7,23,1
4,4,3,3,4,5,4,5,5,3,2,2,4,2,4,2,4,2,3,5,4,3,2,3,2,4,4,2,4,5,4,2,5,5,2,2,4,4,4,4.1,3.5,2.9,3.2,25,1
3,4,2,2,5,4,4,2,3,3,2,2,3,2,3,2,4,2,3,2,4,2,2,2,4,3,2,2,4,3,2,2,3,3,2,2,3,4,4,3.5,2.9,2,2.6,57,1
4,3,5,5,1,4,3,3,2,3,3,4,4,3,4,5,4,3,3,5,5,3,3,2,5,3,5,5,5,2,4,4,5,2,3,4,3,3,4,3.5,3,4.1,3.6,36,2
3,4,3,1,4,5,4,5,4,4,3,1,4,3,3,1,4,3,4,1,4,3,4,5,5,4,3,1,4,5,3,1,5,2,3,1,4,4,5,4.3,3.5,1.9,3.4,18,1
1,5,3,5,1,3,5,5,3,3,5,5,1,3,5,5,1,3,5,5,5,3,5,5,5,1,5,5,5,3,0,5,1,5,0,5,3,5,3,2.5,3.3,5,3.8,36,2
5,4,2,2,4,4,3,4,3,4,2,2,4,2,4,1,5,2,3,4,4,2,3,1,4,4,3,1,5,5,2,1,4,2,3,1,5,3,4,4.4,3,1.9,2.8,28,2
4,5,5,3,4,5,3,3,4,5,3,3,4,1,5,1,3,2,4,2,3,2,3,4,4,4,5,3,3,4,3,3,5,5,2,4,3,3,4,3.8,3.6,2.9,3.6,32,1
5,1,3,5,5,2,3,5,4,4,3,5,5,2,2,4,1,4,4,4,4,4,1,4,4,1,3,4,5,2,3,5,5,3,2,3,4,3,5,4.1,2.6,4.3,2.7,31,2
3,5,3,0,1,4,4,4,4,4,2,2,3,2,4,1,3,2,3,2,5,2,2,4,4,4,3,1,5,4,2,1,5,5,2,1,4,4,4,3.6,3.5,1.8,2.9,73,1
3,4,4,3,3,5,3,2,3,3,4,2,4,3,3,1,2,2,3,2,4,2,3,1,3,4,4,1,2,3,5,1,5,2,3,1,4,3,3,3.2,3.1,1.6,3.5,59,2
3,3,1,1,1,5,5,5,4,3,5,3,5,1,5,2,3,2,5,1,4,3,4,3,4,4,5,1,1,1,1,1,4,3,3,3,5,5,4,3.2,3,2.2,3.9,23,1
4,4,4,3,4,4,4,3,4,3,4,3,3,3,3,3,4,3,4,2,4,2,4,2,4,3,4,2,4,4,3,2,4,3,4,2,4,4,4,3.9,3.1,2.4,3.8,51,2
3,5,3,3,4,5,2,5,4,5,4,2,5,2,5,2,3,2,4,4,5,2,3,2,5,5,5,3,5,5,5,2,5,5,4,3,4,4,4,4.3,3.9,2.9,3.9,42,2
4,4,3,5,3,3,2,4,2,4,3,5,4,3,3,4,3,3,2,5,4,4,2,4,3,2,3,4,4,3,3,5,4,3,3,5,3,2,4,3.4,3.3,4.6,2.6,45,0
4,3,2,3,2,4,0,2,4,4,3,3,4,3,4,3,3,2,4,5,4,2,2,5,4,4,5,2,4,4,3,1,4,4,3,3,4,4,4,3.7,3.3,3,3,19,1
4,5,3,1,2,4,3,4,3,5,3,2,3,1,5,2,4,1,3,3,4,2,3,3,4,5,3,3,4,4,3,2,4,4,3,2,4,3,4,3.6,3.4,2.4,3.2,47,1
3,4,4,2,4,4,2,3,4,4,2,3,4,2,4,2,4,2,2,3,4,2,3,3,4,4,4,2,4,4,3,2,4,4,3,2,4,2,3,3.8,3.3,2.4,2.9,19,2
3,3,4,3,2,3,2,4,2,2,4,4,3,4,3,4,3,4,3,4,3,3,3,3,3,3,4,4,4,2,4,4,3,3,4,4,3,3,3,2.8,3.1,3.8,3.4,40,2
5,3,5,4,5,1,3,3,3,2,5,2,4,5,2,2,5,4,2,4,4,2,3,2,5,1,4,2,5,5,3,2,5,1,4,4,5,2,5,4.7,2.4,2.8,3.3,55,1
5,3,2,1,4,4,4,3,5,4,2,2,5,4,5,2,4,2,3,2,5,3,2,2,5,3,3,2,4,3,2,2,5,3,2,2,2,4,4,4.2,3.3,2,2.9,24,1
4,2,3,4,3,3,3,4,4,4,2,2,5,3,2,1,5,3,3,1,4,3,2,3,5,5,4,2,5,1,4,1,5,4,4,1,4,3,5,4.2,3.4,2.1,3,37,1
4,3,5,4,2,3,1,4,3,2,4,4,2,4,2,4,2,4,2,4,2,3,5,4,4,2,5,4,2,2,4,4,4,3,4,3,4,1,5,3.1,3,3.9,3.3,29,2
3,4,5,5,2,4,2,5,4,4,4,4,5,2,5,5,3,3,3,4,4,4,4,4,4,4,5,4,3,4,5,4,4,5,5,5,5,3,4,3.7,3.8,4.4,4.1,39,2
3,4,4,3,0,3,3,3,4,3,3,4,4,4,3,4,3,4,3,4,4,3,3,4,4,3,4,4,4,4,3,4,5,4,4,3,4,4,4,3.5,3.5,3.7,3.4,30,1
4,4,3,4,4,3,2,4,3,3,1,4,3,3,2,4,3,3,3,4,3,3,3,4,3,4,3,4,4,3,3,4,4,4,4,4,4,2,3,3.5,3.4,4,2.6,35,2
4,5,2,1,4,5,3,4,3,4,3,1,2,1,3,1,3,1,3,4,3,2,1,3,4,4,2,1,3,3,2,2,4,5,2,4,4,3,4,3.5,3.4,2.3,2.4,41,1
4,4,3,2,4,4,2,5,5,4,4,2,2,1,3,2,4,2,3,4,4,4,2,2,5,4,4,2,5,4,3,2,4,1,3,2,2,4,4,3.9,3,2.6,3.1,20,1
4,3,2,1,3,5,4,4,3,4,4,2,3,2,5,1,2,2,4,1,4,2,1,1,4,4,2,1,3,3,1,1,4,3,2,1,3,4,4,3.3,3.1,1.4,2.9,39,1
4,4,3,3,4,5,4,4,4,4,1,1,5,2,4,1,4,1,3,3,5,1,1,3,5,4,3,3,5,2,3,3,5,4,3,1,5,3,1,4,3.1,2.4,2.8,68,2
4,3,5,5,3,2,4,5,2,3,4,4,3,5,3,5,3,5,4,4,3,4,5,5,3,2,4,3,3,5,4,5,2,5,5,5,5,3,5,3.5,3.6,4.6,4.1,41,2
3,3,5,5,4,2,2,4,3,3,4,4,4,4,2,4,3,3,4,4,4,4,5,5,5,2,5,3,5,3,5,3,5,5,5,3,4,2,2,3.7,3.3,3.9,3.9,37,1
4,5,4,3,2,4,2,5,4,4,3,3,4,1,4,4,3,1,3,3,4,1,4,2,4,4,5,3,5,4,3,2,5,4,4,3,3,3,4,3.8,3,3.1,3.5,41,2
4,5,3,1,4,5,3,4,3,4,3,2,2,2,4,1,4,2,4,3,5,2,3,2,5,5,4,2,4,5,4,1,5,5,3,2,5,3,4,4.1,3.8,2,3.4,30,2
3,4,2,3,3,4,4,4,3,4,2,1,5,1,4,2,3,2,4,2,4,1,2,2,4,5,2,2,4,2,1,2,4,4,3,1,3,4,3,3.4,3.1,2.1,2.8,36,1
3,3,3,2,2,3,3,4,3,4,1,3,3,2,4,3,5,2,3,3,3,1,3,3,5,4,3,2,5,3,3,3,4,4,4,4,3,3,3,3.5,2.9,3,3,20,1
2,3,1,1,3,3,2,4,4,3,1,4,2,2,2,2,2,4,2,2,4,4,1,2,4,4,4,2,5,4,2,3,4,2,1,2,4,2,4,3.5,3.1,2.4,1.8,32,2
4,5,3,3,4,5,2,4,3,5,4,3,3,2,4,3,5,1,3,4,4,2,2,3,4,5,5,3,4,2,3,3,5,5,4,4,4,3,4,3.8,3.8,3.3,3.3,63,2
4,3,3,3,4,4,3,4,2,4,2,3,4,3,3,2,2,2,3,3,3,3,2,2,3,3,3,2,3,3,2,2,2,3,2,3,4,4,3,3.1,3.1,2.7,2.7,42,2
5,5,5,4,4,5,5,4,5,5,2,2,5,1,5,3,4,1,5,4,5,1,1,4,5,5,4,2,5,5,4,2,5,5,2,4,5,5,5,4.8,3.5,3.2,3.8,25,2
4,2,4,4,2,2,2,4,3,2,3,3,4,4,4,3,5,4,2,3,4,4,4,3,4,2,5,2,2,4,2,2,4,2,4,4,4,2,4,3.6,2.8,3.1,3.2,22,2
4,4,3,3,4,4,3,3,4,4,3,3,5,2,2,1,4,3,3,3,5,2,3,4,4,4,4,3,2,2,5,2,5,4,5,2,4,3,4,3.8,3.4,2.7,3.4,57,1
5,5,3,4,5,5,4,5,5,5,3,1,5,1,4,1,2,1,3,1,5,1,2,1,5,5,2,1,3,4,1,1,5,5,2,1,5,3,4,4.4,3.5,1.8,2.7,24,1
3,3,3,5,2,4,3,3,3,4,3,4,3,2,3,4,2,2,2,5,3,2,4,4,4,4,4,4,5,2,4,4,3,4,4,5,3,3,4,3.1,3.1,4.2,3.3,61,2
4,4,4,3,5,3,3,3,3,4,3,3,4,2,3,3,4,3,2,3,4,3,3,3,3,4,3,3,4,4,3,3,4,3,3,3,4,3,4,3.9,3.3,3,3,54,2
3,4,2,2,3,3,3,4,3,3,3,2,2,3,5,1,3,3,1,2,3,2,2,2,5,5,3,1,5,5,3,2,3,4,2,2,4,3,5,3.7,3.4,2,2.7,61,2
4,3,5,2,3,4,3,4,3,4,3,1,4,2,5,1,4,2,3,2,4,2,4,2,5,4,5,1,5,4,3,1,5,4,3,1,4,4,4,4.1,3.1,1.7,3.8,32,2
5,5,5,5,3,5,4,4,4,4,5,5,5,1,3,5,3,1,3,5,5,2,3,4,3,4,5,5,4,4,3,3,5,5,4,4,3,3,3,3.8,3.4,4.4,3.8,16,1
4,5,2,3,2,5,5,5,2,2,5,2,1,1,5,1,5,1,3,2,4,2,1,3,5,4,5,1,5,4,4,1,5,3,4,4,5,3,4,3.8,2.9,2.4,3.7,44,1
2,1,4,5,2,3,3,5,5,2,4,5,4,3,4,4,2,5,5,5,4,5,4,4,3,1,5,5,4,1,3,4,4,3,5,5,2,4,3,2.9,2.9,4.7,4.1,25,1
2,5,2,1,1,5,1,4,5,4,3,2,2,1,4,1,2,1,4,3,4,1,1,2,1,5,5,3,4,3,2,2,4,4,3,1,4,4,4,2.9,3.3,2.1,2.9,44,2
4,3,2,1,4,3,5,2,3,3,4,1,5,3,5,1,3,3,3,1,5,3,1,1,3,1,3,1,5,3,1,1,5,1,1,1,3,3,5,3.9,2.5,1.1,2.8,45,2
5,5,5,5,2,5,2,5,1,4,2,5,2,1,4,5,4,1,2,5,3,1,4,4,2,5,5,3,5,2,4,5,4,5,5,2,5,2,5,3.4,3.4,4.3,3.5,21,2
1,2,4,3,1,3,2,3,1,1,4,2,2,4,3,4,1,4,2,3,2,3,3,3,3,2,3,3,3,3,3,3,1,2,4,3,2,3,3,1.9,2.6,3,3.1,35,1
4,4,4,4,3,5,4,5,4,5,1,3,3,2,3,3,3,3,4,5,5,1,3,4,5,2,3,3,5,3,3,3,5,3,2,3,4,4,4,3.9,3.1,3.7,3.1,24,1
3,5,3,5,4,5,3,3,3,5,3,2,4,1,4,1,3,1,3,1,3,1,2,4,4,5,3,1,4,4,3,1,4,5,3,1,3,3,3,3.5,3.5,2.1,3,53,2
4,4,5,3,3,5,4,5,3,5,2,2,4,2,3,1,4,1,2,4,3,2,2,5,3,4,4,2,5,4,3,1,4,5,4,5,5,3,4,3.9,3.5,3.1,3.2,60,1
4,4,4,4,4,5,2,4,4,5,2,4,4,1,3,4,4,1,2,4,4,1,3,4,5,4,4,4,4,3,3,4,5,5,3,4,5,3,3,4.1,3.3,4,2.9,24,1
3,4,3,4,4,4,2,3,1,4,2,3,1,2,3,3,2,2,2,3,4,2,2,2,4,3,4,3,3,4,3,3,4,4,3,2,4,3,3,3,3.1,2.9,2.7,39,1
3,3,4,4,2,3,3,2,3,4,2,1,3,3,4,3,3,4,2,2,4,2,3,4,4,2,3,2,4,4,4,5,5,1,4,1,3,3,2,3.3,2.8,2.7,3.2,25,1
4,5,3,4,4,5,3,4,5,4,3,2,4,1,2,1,5,2,4,3,5,2,3,3,5,5,4,2,5,4,3,2,5,5,3,3,4,3,5,4.5,3.6,2.7,3.1,53,2
2,5,2,2,3,5,4,4,2,3,4,1,2,5,3,3,4,2,3,4,3,2,3,4,3,4,4,4,4,2,2,2,4,4,3,2,4,3,4,3.1,3.8,2.9,3.1,63,2
5,3,2,3,5,5,3,4,5,4,3,4,2,1,3,2,4,3,3,4,5,1,2,4,5,2,4,3,5,5,4,2,5,4,4,3,4,3,5,4.5,2.9,3.2,3.1,22,1
3,4,4,4,4,4,2,4,3,3,3,3,2,2,3,3,3,2,3,3,3,2,3,4,2,3,4,3,3,3,3,3,2,4,3,3,3,3,4,2.9,3,3.3,3.1,34,2
4,4,5,3,3,4,2,4,2,4,4,3,3,1,4,4,3,2,3,3,4,2,4,4,5,4,5,4,5,3,4,5,5,4,4,3,3,3,4,3.6,3.1,3.7,3.8,39,1
5,4,5,2,4,3,2,4,3,2,2,4,3,3,2,4,5,4,2,4,3,3,4,2,4,3,4,4,3,2,5,4,4,3,4,4,2,2,4,3.5,3.1,3.6,3.2,36,1
2,2,4,2,2,2,4,3,2,2,4,2,2,4,3,2,1,4,3,2,3,4,3,1,2,1,4,1,3,2,4,1,3,1,3,1,2,3,3,2.2,2.5,1.7,3.5,48,1
3,5,2,1,3,5,2,5,2,4,3,5,1,1,5,5,1,1,3,5,4,3,2,5,4,4,5,5,4,5,3,3,4,2,3,4,5,3,2,3.1,3.1,4.2,3.1,16,1
4,4,4,3,4,4,4,4,3,4,5,3,4,2,4,4,3,2,4,4,3,2,4,4,4,4,5,5,5,4,4,4,4,4,4,4,4,4,4,3.9,3.3,3.9,4.2,35,1
4,4,5,4,4,4,2,5,4,4,2,5,4,2,5,5,5,2,2,4,4,2,4,2,5,4,5,5,4,3,2,5,4,2,4,1,4,2,4,4.1,3,4,3.3,17,1
4,3,3,4,2,1,5,5,4,1,1,3,2,3,5,1,4,2,4,2,4,4,1,5,2,2,4,1,2,4,2,1,4,2,4,3,4,3,4,3.3,2.3,2.8,3.2,28,2
4,4,3,3,2,5,4,2,3,5,5,5,3,5,4,3,5,1,4,5,0,5,4,4,5,5,4,4,5,3,5,4,5,5,4,5,3,4,3,3.7,4.4,3.9,4.1,73,1
5,5,4,2,2,5,2,5,2,4,1,1,3,1,5,2,1,1,2,2,5,3,2,4,5,3,5,1,5,2,3,1,5,5,4,4,5,2,3,3.5,3.4,2.4,3,18,1
2,5,4,3,2,5,3,3,2,4,3,3,3,1,3,3,2,1,2,3,3,3,3,2,3,5,5,3,4,4,4,2,3,5,4,3,4,2,4,3,3.6,2.8,3.3,34,2
1,4,5,4,1,4,2,5,1,4,3,5,2,5,4,5,1,5,2,5,4,2,5,3,2,4,5,5,4,1,1,5,5,5,5,5,4,2,4,2.4,4.1,4.7,3.4,18,1
4,5,4,2,4,5,4,2,4,5,3,1,5,1,4,1,5,1,3,2,5,1,3,3,4,5,3,1,5,0,3,1,5,5,3,1,4,3,4,4,3.5,1.6,3.3,57,2
4,4,4,2,3,4,3,3,3,3,3,4,3,3,3,3,3,3,3,4,4,3,4,3,3,3,3,4,4,3,4,2,4,3,3,2,3,3,3,3.3,3.3,3,3.3,74,2
4,1,2,2,3,4,3,5,4,5,1,2,3,1,3,1,2,1,3,2,3,2,1,1,3,5,3,2,5,2,3,1,5,4,3,2,4,2,5,3.6,2.9,2,2.4,59,1
4,5,5,3,4,4,2,5,3,5,4,5,2,3,5,5,5,1,1,5,5,2,2,4,4,5,5,5,5,5,5,5,5,5,5,5,5,3,3,4.1,3.8,4.7,3.7,33,1
4,2,5,5,2,2,2,3,2,2,3,5,0,2,3,4,5,2,3,5,5,2,3,3,5,2,5,3,5,5,3,3,5,2,1,4,1,4,4,3.5,2,3.9,3.2,37,1
5,5,4,3,4,4,1,5,5,4,3,3,4,3,4,3,5,4,2,2,4,1,4,4,3,3,5,3,4,4,5,2,4,4,5,2,5,1,5,4.4,3.5,3,3.4,27,2
1,2,4,2,1,4,5,4,1,2,4,4,1,1,2,1,1,2,4,1,1,1,1,4,1,4,4,1,1,4,4,1,1,4,4,1,1,2,4,1.5,2.5,2.1,3.4,24,1
5,3,5,4,4,4,1,4,4,2,5,4,5,3,4,4,5,4,3,5,5,4,3,3,3,2,5,2,4,5,4,3,5,2,3,3,5,4,3,4.4,3,3.6,3.7,15,2
5,4,3,4,4,4,2,5,4,3,3,3,3,2,4,3,4,2,4,3,3,2,3,4,3,3,4,3,4,4,3,3,3,3,4,4,3,3,4,3.7,2.9,3.6,3.3,40,1
2,3,4,3,2,3,2,3,2,3,4,4,1,3,2,3,3,3,3,3,2,3,5,4,3,2,4,3,3,2,5,3,3,2,5,3,3,2,3,2.5,2.8,3.2,3.6,49,2
3,1,4,4,4,5,3,5,2,2,4,5,4,5,5,5,2,5,4,5,5,5,3,4,3,3,4,5,4,3,5,5,2,2,4,5,3,3,4,3.1,3.5,4.8,3.9,41,2
2,3,5,5,2,3,2,5,2,3,5,5,1,3,1,5,3,3,4,3,4,1,5,5,2,5,5,5,2,2,5,5,2,5,5,5,3,3,2,2.1,3.3,4.8,4,27,1
5,5,2,3,4,5,3,4,4,4,2,1,4,1,5,2,3,1,2,2,3,1,2,3,4,4,3,3,5,4,3,3,5,3,4,1,2,3,5,4.1,3,2.4,2.9,27,1
4,3,3,2,4,3,3,3,3,3,3,2,3,2,2,2,4,2,3,2,3,2,2,2,2,3,2,2,3,2,3,2,3,3,3,2,4,3,4,3.3,2.6,2.1,2.7,34,2
3,2,5,5,2,3,2,3,2,5,3,3,3,3,2,3,2,4,3,3,3,3,3,4,4,4,2,3,4,4,4,3,3,2,4,3,3,2,4,3.1,3.3,3.3,3,26,2
3,4,5,2,2,4,1,3,1,2,5,3,2,2,2,2,2,2,1,4,2,3,5,4,3,4,5,2,3,2,5,2,2,4,5,2,3,2,3,2.4,3.1,2.7,3.6,21,2
5,5,3,4,5,5,4,4,3,5,3,4,3,1,3,2,5,1,3,4,4,2,3,4,3,4,4,3,4,4,4,3,2,4,3,3,4,4,4,3.8,3.4,3.4,3.4,45,2
5,3,3,2,3,3,3,4,4,3,2,2,4,3,4,3,5,3,3,3,4,2,1,1,4,3,2,3,3,4,4,2,3,4,2,3,5,4,5,4.1,3,2.6,2.8,17,2
4,4,3,4,3,4,3,4,2,4,4,3,2,2,3,2,2,2,3,3,2,3,2,4,2,4,3,4,2,3,4,4,2,4,4,4,3,2,3,2.5,3.4,3.6,3.1,22,2
4,5,3,1,3,5,3,4,3,5,3,1,4,1,5,1,4,1,3,1,5,0,2,1,4,5,2,0,4,4,2,1,5,5,3,1,5,4,4,4,3.4,1.2,3,40,2
2,5,2,5,3,5,2,5,4,5,2,4,4,2,3,5,5,2,3,5,5,2,2,2,5,4,4,4,5,5,2,5,5,4,3,3,5,3,5,4.4,3.6,4.2,2.6,25,2
1,5,3,2,2,5,3,5,1,5,5,1,3,1,2,1,4,1,3,1,3,1,3,1,2,5,5,1,5,1,3,1,4,5,2,4,2,3,3,2.5,3.5,1.9,3.2,35,1
5,4,1,3,5,4,4,4,4,4,3,2,5,1,5,2,5,2,3,2,4,1,2,1,5,4,3,2,5,5,2,2,3,5,3,2,5,4,5,4.7,3.1,2.2,3,19,2
3,4,4,2,3,5,2,2,4,4,2,3,5,2,4,4,2,1,4,1,5,2,2,1,4,4,3,4,5,3,4,4,4,5,4,1,2,3,2,3.4,3.4,2.4,3.2,56,2
4,5,2,3,5,4,4,3,5,4,2,2,5,5,4,5,5,5,4,4,5,5,5,5,5,2,5,5,5,4,4,4,5,2,4,3,5,5,5,4.8,4,3.8,3.9,36,1
5,3,4,3,3,3,2,5,2,4,5,5,2,3,4,4,4,3,2,5,4,4,4,3,5,3,5,5,5,2,5,4,4,5,4,2,3,2,5,3.6,3.5,4,3.7,42,2
3,3,4,4,4,3,2,4,3,3,3,2,3,3,3,2,3,4,3,3,4,3,3,3,4,4,4,3,4,3,4,3,4,3,3,2,3,3,3,3.4,3.3,2.9,3.2,56,2
3,4,3,3,3,4,4,4,2,4,3,3,4,2,4,3,2,2,4,3,4,2,3,2,4,3,2,2,4,3,3,3,4,4,3,3,3,3,4,3.3,3.1,2.9,3.2,64,1
5,5,1,2,4,5,3,4,2,5,3,2,2,1,4,1,4,1,3,1,3,1,1,2,3,5,3,1,5,5,3,1,5,4,3,1,4,3,5,4,3.4,1.7,2.7,29,2
1,3,2,1,2,5,4,1,1,3,5,1,1,1,4,1,1,1,5,1,1,2,2,1,2,3,4,1,3,2,1,1,2,3,2,2,2,4,2,1.7,2.6,1.1,3.3,26,1
5,4,3,1,4,5,3,5,5,5,4,1,5,1,5,2,3,1,4,3,5,2,2,1,5,5,4,1,5,5,5,1,5,0,4,1,4,5,5,4.6,2.9,1.8,3.9,37,2
5,4,3,4,5,5,3,5,3,4,3,3,2,2,4,4,4,2,4,4,3,2,2,3,3,4,4,3,4,5,2,3,5,3,3,3,5,3,4,4.1,3.3,3.6,3.1,18,1
4,3,4,5,4,3,3,4,3,3,2,4,1,3,2,3,2,3,2,4,3,3,4,4,4,3,5,4,4,3,4,4,2,2,4,5,5,3,4,3.3,2.9,4.1,3.3,16,1
1,3,3,5,1,4,3,4,1,2,3,5,2,3,4,5,5,3,4,5,2,3,3,5,1,3,3,5,1,2,1,5,2,3,3,5,2,4,1,1.7,3,4.9,3.1,25,1
3,4,4,4,2,3,2,2,2,2,4,4,2,2,4,3,2,3,2,2,3,2,4,4,2,3,4,4,3,2,4,4,3,1,4,5,4,2,2,2.5,2.5,3.6,3.4,51,1
3,5,4,3,3,5,3,5,2,5,3,3,2,2,4,3,2,1,4,3,3,1,3,3,2,4,4,4,4,4,2,2,4,5,4,4,4,3,3,3,3.5,3.3,3.4,49,2
5,4,5,4,5,1,1,3,5,5,1,4,5,4,3,5,5,3,3,4,5,5,5,5,5,2,4,5,5,2,5,4,5,2,5,5,4,2,3,4.5,3.3,4.3,3.4,24,2
4,4,3,4,4,5,3,4,4,5,1,4,4,1,3,4,4,2,3,4,5,2,3,2,5,5,3,4,5,4,2,4,5,5,3,4,3,3,5,4.3,3.6,3.8,2.7,27,1
2,5,2,3,3,5,3,5,4,3,2,2,3,2,4,1,3,1,2,4,4,1,1,2,4,4,4,1,4,4,3,1,4,3,3,3,3,3,3,3.4,3,2.4,2.7,32,2
5,5,4,4,2,5,2,5,1,5,4,5,2,1,3,5,2,1,2,5,4,1,4,5,5,5,5,5,5,3,4,5,2,5,4,5,3,1,4,3.1,3.5,4.9,3.3,66,2
3,4,2,2,3,4,4,3,2,4,2,2,3,2,4,2,3,2,3,3,4,2,2,3,4,4,2,2,4,3,3,2,4,4,3,3,4,3,4,3.4,3.3,2.4,2.8,62,1
4,4,2,3,4,5,3,4,4,5,2,2,4,1,3,3,3,2,2,2,4,2,2,3,5,4,3,1,4,4,1,1,3,3,3,1,4,3,4,3.9,3.3,2.2,2.4,69,1
3,2,3,4,3,5,4,3,2,3,4,2,2,3,3,4,3,3,5,2,3,2,4,4,3,3,4,2,3,3,3,3,3,4,4,4,4,4,4,3,3.1,3.1,3.8,26,1
4,2,3,2,3,2,4,4,2,3,4,2,2,3,4,2,3,2,4,4,4,4,4,2,4,3,4,2,2,3,2,2,4,2,4,4,3,3,3,3,2.6,2.7,3.6,20,1
3,3,3,2,4,4,4,4,3,4,2,3,4,2,4,3,5,3,2,3,5,2,2,3,5,3,4,2,5,4,4,2,5,4,4,2,4,2,5,4.3,3.1,2.7,3.1,31,2
3,5,4,1,3,5,3,4,4,4,3,1,4,1,3,3,4,3,3,3,4,2,3,3,4,5,5,3,5,5,4,2,4,5,2,2,5,3,4,4.1,3.8,2.4,3.3,38,2
4,5,4,1,3,5,5,5,3,5,2,1,3,1,5,1,3,1,5,1,5,1,1,3,5,5,3,1,5,5,3,1,5,5,1,1,5,4,5,4.2,3.5,1.7,3.3,60,2
3,2,5,4,2,5,1,5,2,2,3,4,2,1,2,2,1,3,1,2,2,4,4,4,4,2,3,2,2,1,5,2,5,3,5,2,4,1,2,2.5,2.8,3,3,39,1
4,4,4,3,4,3,3,2,3,4,4,3,3,2,4,2,3,2,3,3,5,3,2,2,2,4,4,3,4,4,2,2,4,3,2,2,4,4,4,3.5,3.1,2.4,3.2,61,2
4,4,4,2,5,5,3,2,4,3,4,2,3,1,4,1,4,1,4,2,4,2,3,1,3,0,2,2,3,3,3,1,4,4,3,2,5,4,4,3.8,2.5,1.7,3.4,63,1
4,4,5,3,4,5,1,5,4,5,1,4,5,1,5,4,5,1,3,5,5,1,5,5,5,4,5,3,5,5,3,5,5,3,4,5,5,3,3,4.5,3,4.3,3.5,25,2
5,3,3,2,5,5,3,4,3,4,3,2,3,3,2,3,4,3,3,3,5,1,2,2,3,3,4,2,5,3,4,3,5,3,4,3,5,2,5,4.2,3.1,2.7,3,28,2
3,5,3,4,2,4,3,3,3,4,3,4,4,2,3,3,1,1,3,3,3,2,3,3,4,2,4,4,3,2,4,4,3,3,4,3,2,2,3,2.7,2.9,3.4,3.2,53,2
3,4,3,2,3,4,3,3,3,4,2,2,3,1,3,2,3,1,0,4,4,2,3,3,4,4,3,3,4,3,4,3,5,5,3,3,4,3,4,3.5,3.1,2.8,2.7,32,1
1,3,4,4,1,4,2,4,2,3,5,5,1,3,4,4,4,3,3,4,3,2,4,4,3,3,4,4,3,3,3,3,3,5,4,4,4,3,4,2.6,3.3,4,3.6,31,2
4,3,5,5,3,3,2,5,3,3,4,5,3,3,2,5,3,3,2,5,3,3,3,5,2,3,5,5,3,2,3,5,3,4,3,5,3,3,3,2.9,3.1,5,3.2,19,2
4,5,0,4,3,4,2,5,3,5,5,4,2,3,3,3,0,2,0,3,2,2,4,3,2,3,4,4,0,2,4,3,2,4,5,3,3,3,3,2.2,3.5,3.6,3,27,2
4,4,4,3,3,3,2,4,2,3,3,3,3,2,3,3,5,2,2,3,3,2,3,3,3,3,4,3,4,4,4,3,4,3,4,3,4,2,4,3.6,2.8,3.1,3.1,27,2
3,3,4,4,2,0,2,5,4,4,3,4,5,3,3,5,4,3,4,5,4,3,3,4,3,1,4,4,5,5,3,5,5,1,5,3,4,3,4,4,2.3,4.3,3.4,24,1
4,2,4,3,4,2,4,4,4,2,3,2,5,4,4,3,3,4,4,2,4,3,2,2,5,2,4,2,4,4,4,2,5,1,3,1,3,3,4,4.1,2.5,2.3,3.5,28,1
5,5,3,4,2,5,3,5,3,5,3,3,4,2,5,5,5,1,5,5,5,2,3,5,5,5,3,3,5,5,3,3,5,5,2,3,5,5,5,4.5,3.8,4,3.5,63,2
3,4,3,2,4,3,4,3,4,4,2,2,4,2,3,1,4,3,4,2,4,2,2,3,4,3,2,1,4,4,2,1,4,3,2,1,4,4,3,3.8,3,1.8,2.8,40,1
2,3,5,5,1,3,1,3,1,3,4,0,3,3,2,5,2,3,1,4,2,4,5,4,4,2,5,4,4,3,4,5,4,4,5,3,4,1,2,2.7,3.1,3.7,3.3,20,1
3,3,5,4,4,3,2,5,4,4,2,3,3,3,3,3,4,3,2,4,5,2,4,3,5,4,4,3,5,5,2,2,5,3,3,3,5,4,5,4.4,3.1,3.3,3.1,19,1
4,3,3,3,4,2,3,4,5,4,2,2,4,5,2,2,3,4,2,3,5,3,3,4,5,4,2,3,4,5,3,2,3,3,3,0,4,2,5,4.2,3.5,2.6,2.5,22,2
5,3,2,3,4,5,2,3,5,4,4,3,3,1,2,1,2,2,2,2,5,1,3,1,4,5,5,2,2,1,4,2,5,4,2,2,3,2,3,3.4,3.1,2.1,2.8,65,1
2,3,4,5,2,3,4,4,1,3,3,3,1,3,3,4,3,2,4,4,2,1,2,5,3,3,4,4,4,4,4,4,3,4,5,5,4,5,3,2.7,2.8,4.2,3.8,39,2
4,1,5,5,4,2,5,5,4,2,3,4,5,5,4,3,3,5,4,4,4,4,4,4,4,2,5,3,4,3,2,3,5,3,4,4,4,5,2,3.8,3,3.9,4.1,38,3
3,2,4,5,3,5,3,4,5,4,2,4,5,3,3,5,4,3,3,4,4,3,4,4,5,3,4,5,5,4,3,4,5,3,3,4,4,3,4,4.3,3.3,4.3,3.2,16,2
3,4,4,2,4,5,2,4,4,4,4,2,3,2,3,3,4,1,4,2,4,2,4,4,4,4,4,1,3,3,3,1,4,5,4,3,5,3,4,3.7,3.4,2.4,3.5,20,1
4,3,3,5,4,3,2,2,2,3,4,5,2,3,4,0,2,3,2,4,2,4,4,5,3,1,4,5,2,2,4,5,2,3,4,5,2,2,3,2.5,2.9,4,3.3,34,2
3,3,5,2,2,4,2,4,2,5,2,2,1,4,3,2,4,4,3,2,3,2,2,1,5,4,4,2,5,2,4,1,4,4,3,3,3,3,4,3.2,3.8,2.1,3.1,55,1
3,4,5,2,3,4,1,3,2,4,4,2,4,4,4,2,2,2,3,3,5,3,3,1,5,5,4,3,5,4,4,1,5,5,5,3,4,1,3,3.6,3.9,2.2,3.4,42,2
5,5,1,1,5,5,4,4,3,4,3,1,3,1,5,1,5,1,4,1,5,1,2,1,5,5,4,1,5,4,2,1,5,5,3,0,5,4,5,4.5,3.4,1.2,3.2,61,2
4,4,4,3,4,4,3,2,3,4,2,2,4,2,4,1,4,2,3,2,4,2,2,3,4,4,3,2,4,4,3,1,5,4,4,2,4,3,4,4,3.3,2,3.1,37,2
4,4,3,2,3,4,3,4,4,5,3,2,4,2,3,1,5,2,3,2,4,1,3,3,4,4,4,1,4,3,3,1,5,5,3,1,4,3,4,4,3.4,1.9,3.1,39,2
5,3,2,3,4,3,3,3,5,3,3,2,5,3,5,1,3,3,5,2,5,3,2,3,5,3,3,2,5,4,3,2,5,3,2,2,3,4,4,4.4,3,2.2,3.2,50,2
4,4,2,1,4,5,4,4,3,5,3,1,4,1,4,1,4,2,4,1,4,1,1,1,4,5,1,1,5,5,2,1,4,5,2,0,1,4,4,3.8,3.5,1.2,2.7,69,2
4,2,4,3,4,2,2,3,4,2,3,3,4,4,2,3,4,4,2,3,4,4,4,3,4,2,4,3,4,4,4,3,4,2,4,3,4,2,4,4,2.8,3,3.1,36,1
5,4,4,5,4,3,4,4,4,5,3,5,4,3,5,5,3,2,4,4,5,2,4,4,4,3,4,5,5,5,3,5,5,4,3,3,4,4,4,4.3,3.3,4.4,3.8,28,2
4,4,4,4,4,4,3,4,4,4,2,3,4,2,4,3,5,2,4,4,4,2,2,4,4,4,2,3,5,4,2,3,4,4,2,4,3,4,3,4,3.3,3.6,2.9,30,1
5,4,3,4,4,3,3,4,4,4,3,3,3,3,4,3,3,3,3,3,4,3,2,4,4,3,3,3,4,3,4,3,4,4,3,4,3,3,3,3.6,3.4,3.4,3.1,51,2
4,5,2,1,4,4,4,3,3,4,2,1,4,2,4,1,5,1,4,1,4,1,2,1,5,5,3,1,5,5,3,1,5,4,3,1,5,4,5,4.5,3.3,1.2,3.1,53,1
5,3,5,2,4,3,2,4,4,3,2,1,4,2,2,1,4,2,3,3,5,3,4,3,5,3,5,3,5,3,3,1,5,3,4,2,5,3,3,4.3,2.8,2.2,3.3,51,1
4,2,5,4,3,4,2,5,3,4,3,5,3,3,4,5,3,3,3,5,4,3,3,3,5,3,5,4,4,3,4,4,3,3,4,4,3,2,4,3.5,3.1,4.3,3.5,22,2
4,4,5,3,3,3,3,4,5,3,5,5,3,3,1,4,2,2,1,4,3,2,3,4,4,2,4,4,0,4,4,4,4,4,4,4,3,2,3,3.2,2.9,4,3.2,24,1
5,3,3,5,5,4,4,4,5,5,3,4,4,5,4,3,5,4,4,4,4,5,3,5,4,2,3,3,4,4,4,4,4,3,3,4,4,4,4,4.4,3.9,4,3.5,27,1
4,5,2,5,4,5,1,4,5,4,2,5,5,2,4,5,1,2,2,5,5,5,3,4,4,5,5,5,4,5,4,5,4,5,5,5,5,1,4,4.1,4.1,4.8,2.9,18,2
4,3,4,3,4,2,3,5,4,3,1,3,4,4,3,1,4,4,3,4,4,3,2,4,4,3,3,5,5,5,4,3,5,2,3,3,5,3,4,4.4,3,3.4,2.9,29,1
3,3,2,1,4,3,4,4,4,2,2,2,4,3,3,1,2,2,3,4,3,3,2,4,4,3,1,1,4,4,2,1,3,2,1,2,4,3,4,3.6,2.6,2.2,2.3,44,1
4,4,3,2,4,5,5,3,4,5,3,2,4,1,5,2,3,1,5,2,4,2,2,2,4,4,3,2,4,4,2,2,5,4,2,2,4,5,3,3.9,3.3,2.1,3.5,61,1
3,3,3,2,2,3,5,3,2,2,3,3,3,3,2,1,2,3,3,2,2,3,2,2,3,3,3,2,3,3,2,2,3,4,5,4,3,3,3,2.7,3,2.3,3.1,63,2
3,2,5,4,4,2,2,5,5,2,4,4,4,5,5,3,4,5,2,4,5,2,5,3,2,5,4,2,5,5,4,2,2,2,5,5,5,2,5,4,3.1,3.6,3.8,32,1
2,2,4,4,2,3,3,2,1,1,5,2,1,3,3,1,1,4,2,1,3,3,3,1,3,3,2,1,3,2,4,1,3,3,3,3,3,3,3,2.2,2.8,1.8,3.2,49,2
3,2,5,2,2,4,2,4,2,3,2,3,4,2,4,2,3,4,2,3,2,4,5,2,2,3,4,4,4,3,3,4,4,3,5,2,3,2,3,3,3.1,2.9,3.4,56,1
4,3,3,2,4,3,3,3,4,3,2,2,4,3,4,2,4,3,3,2,4,3,2,2,4,3,3,2,4,4,3,2,4,3,2,2,4,3,4,4,3,2.1,2.8,47,2
4,4,4,2,4,4,5,5,5,4,5,1,4,5,5,3,4,2,5,5,5,4,5,4,4,4,5,1,4,3,2,1,5,5,2,2,5,3,5,4.3,4,2.7,4.1,37,1
4,4,2,1,4,5,3,4,2,4,1,1,4,3,5,1,2,2,2,1,5,2,2,5,2,2,2,1,4,5,4,1,5,3,3,1,5,2,2,3.5,3.1,1.8,2.6,21,1
3,2,4,4,2,3,2,4,4,5,2,4,2,3,3,4,3,3,2,4,5,3,3,5,5,3,4,3,4,3,4,4,4,2,4,4,4,2,2,3.3,3,4,3,28,2
3,2,5,5,3,2,2,1,1,1,5,5,3,4,4,4,1,5,2,5,3,3,5,3,3,1,4,4,4,2,5,4,3,1,5,5,2,1,1,2.4,2.4,4,3.8,49,2
4,3,4,3,3,3,3,4,3,3,2,3,2,3,3,1,4,3,2,2,3,2,3,3,4,3,4,3,4,4,2,2,3,4,4,3,4,2,3,3.5,3,2.7,2.9,30,1
4,5,2,3,3,5,4,4,3,5,3,2,3,1,5,1,4,0,3,1,4,2,3,1,0,5,5,1,5,4,3,1,4,4,3,1,5,3,4,3.5,3.4,1.7,3.4,51,2
4,4,3,3,3,4,3,3,3,4,3,3,4,2,3,2,4,2,4,3,4,2,3,1,4,4,3,3,5,3,2,2,5,3,2,3,4,3,4,3.9,3.1,2.6,2.9,53,2
3,4,3,5,1,5,2,2,1,4,5,5,4,2,5,4,2,1,4,4,3,3,3,4,4,4,5,4,3,1,5,4,4,3,3,2,1,2,1,2.3,3.3,3.8,3.7,55,2
5,4,3,2,5,5,4,3,4,5,3,2,3,2,3,4,5,1,3,4,5,1,3,1,5,4,4,3,5,5,3,4,5,5,3,2,5,3,5,4.7,3.4,2.8,3.2,19,2
2,3,4,5,2,3,1,5,1,1,4,5,2,3,1,5,2,4,1,5,3,4,5,4,4,1,4,5,2,1,5,5,1,2,5,5,2,1,3,2,2.6,4.9,3.1,42,2
2,2,3,3,1,3,5,4,2,2,2,3,2,4,5,2,1,3,5,2,2,3,4,3,2,2,4,2,2,1,2,2,2,3,4,3,2,5,1,1.6,2.8,2.7,3.9,14,2
4,4,4,2,4,4,3,4,4,4,4,2,3,2,4,2,4,2,4,2,4,2,3,3,4,4,4,2,4,3,4,2,4,3,3,2,4,4,4,3.8,3.1,2.3,3.7,63,2
5,4,3,2,3,2,1,4,3,4,1,1,3,2,3,2,2,2,1,1,4,1,2,1,5,4,5,1,2,2,3,1,5,3,4,1,3,1,3,3.3,2.8,1.6,2.4,29,2
4,4,1,3,2,4,4,5,3,4,3,3,4,1,2,1,4,1,4,2,5,2,1,4,5,4,2,1,5,4,3,1,5,4,1,1,5,4,4,4.1,3,2.3,2.5,79,1
3,2,4,5,1,2,1,1,1,1,4,1,3,4,3,3,1,4,3,2,2,5,3,3,1,1,2,1,1,1,4,2,1,1,5,2,1,3,1,1.4,2.5,2.2,3.2,15,2
4,5,4,3,4,4,4,5,4,4,4,3,5,2,4,2,4,2,5,4,5,2,3,5,5,4,5,3,5,4,3,2,5,2,3,3,5,5,4,4.5,3.1,3.3,4,62,2
3,4,5,4,4,4,2,5,3,5,3,4,4,2,4,4,3,3,3,4,4,2,4,3,3,4,4,4,5,4,4,4,4,4,4,4,4,3,4,3.7,3.5,4,3.6,47,2
4,3,4,3,3,3,3,4,2,3,3,3,2,3,4,2,4,3,3,4,4,3,3,3,3,3,5,3,5,5,3,2,5,3,4,3,4,3,4,3.7,3,3,3.5,53,2
4,4,5,1,3,5,3,4,2,5,3,1,4,1,4,1,4,1,2,2,5,1,4,1,3,5,4,1,4,4,5,1,5,5,4,1,3,3,3,3.5,3.4,1.4,3.7,65,2
4,3,5,5,2,4,2,5,4,4,4,5,3,3,3,5,3,4,2,4,3,2,4,4,3,3,5,5,4,4,4,4,4,3,3,5,5,2,4,3.6,3.3,4.7,3.4,16,2
3,3,4,3,2,3,2,3,2,2,4,4,2,3,4,3,3,4,1,4,2,3,5,2,3,2,5,4,3,2,5,3,4,2,5,4,3,2,1,2.5,2.8,3.3,3.7,18,1
4,4,3,2,4,5,0,5,2,5,5,3,2,1,3,2,4,1,4,4,3,1,3,4,4,5,4,3,4,4,4,4,4,5,4,3,4,3,4,3.6,3.4,3.3,3.3,58,1
5,5,3,2,4,5,3,3,4,4,2,2,5,1,4,1,3,1,3,2,5,1,2,4,4,4,4,2,5,4,4,2,4,4,2,2,5,3,4,4.3,3.1,2.2,3,60,2
4,3,3,2,3,4,3,3,3,4,3,2,2,3,4,1,3,3,4,1,4,1,1,1,5,4,4,1,5,3,4,1,4,4,5,1,2,3,4,3.5,3.3,1.4,3.4,52,2
4,2,5,3,3,2,2,3,5,2,3,3,5,4,3,2,5,3,2,3,5,3,3,3,5,3,5,2,5,5,4,1,5,2,5,2,5,3,5,4.7,2.6,2.4,3.5,25,2
4,2,4,4,4,2,2,5,2,2,4,5,1,4,1,4,4,1,2,5,4,4,2,3,4,1,4,5,4,3,2,4,4,2,4,5,3,2,4,3.4,2.3,4.4,2.7,37,1
3,2,4,4,3,2,2,4,2,3,2,3,3,4,3,4,2,3,3,3,3,4,3,4,5,1,5,3,4,1,3,3,4,1,4,4,2,3,3,2.9,2.5,3.6,3.2,55,2
4,4,2,3,3,5,3,4,3,5,2,3,2,2,4,3,4,4,3,3,3,2,3,4,3,3,3,2,4,4,3,3,5,4,3,3,5,3,5,3.8,3.6,3.1,2.9,58,2
4,4,3,2,3,5,3,5,2,5,2,2,2,1,4,5,4,1,4,4,4,1,1,3,5,5,4,4,4,5,2,4,5,5,4,2,3,3,4,3.7,3.4,3.4,3,36,2
3,5,4,2,4,3,2,4,2,4,2,2,3,2,3,3,3,2,3,3,4,2,3,2,4,4,4,2,4,5,4,1,3,4,4,2,4,3,3,3.5,3.3,2.3,3.2,21,1
4,4,2,3,4,4,3,5,4,3,1,3,4,1,3,2,4,1,3,2,4,1,2,3,4,4,5,2,4,4,3,2,4,5,3,4,5,3,5,4.2,2.9,2.9,2.8,19,2
3,4,3,4,3,3,3,4,2,3,3,4,2,3,4,4,2,3,3,4,3,3,2,4,3,3,3,4,3,2,3,4,2,3,2,4,3,3,3,2.5,3.1,4,2.9,45,2
3,4,2,3,3,4,2,5,4,4,2,3,4,2,5,2,3,2,2,3,4,2,2,3,4,3,4,2,5,3,4,3,5,3,3,4,2,2,2,3.5,3,3.1,2.8,58,2
1,3,4,2,2,3,3,2,2,3,3,2,2,3,5,1,3,3,3,2,2,3,2,2,3,3,3,3,4,4,4,2,4,4,4,2,2,3,3,2.7,3.1,2,3.4,35,2
2,2,4,5,3,2,4,3,2,4,1,3,3,4,5,1,4,4,3,2,3,2,4,1,4,2,4,1,4,2,3,1,4,2,3,1,3,3,2,3,2.8,2,3.4,39,2
3,1,5,3,2,5,3,5,1,1,5,3,2,1,5,2,1,4,3,5,2,5,5,5,1,1,5,3,3,1,1,3,4,5,5,5,2,4,4,2.2,2.9,3.8,4.1,53,1
5,3,3,3,4,3,2,5,5,3,2,3,5,3,1,4,5,3,1,5,4,3,2,4,4,4,3,5,3,5,3,5,2,5,4,5,5,2,5,4.4,3.4,4.3,2.3,23,1
3,2,4,1,3,1,4,4,4,3,2,3,4,5,4,2,3,4,4,2,4,3,4,5,3,2,4,2,3,5,2,2,4,2,4,4,4,4,4,3.6,2.8,2.8,3.6,15,2
4,4,3,3,5,5,4,5,4,5,3,1,5,2,5,3,4,1,4,3,5,1,2,1,3,4,3,1,5,5,4,3,5,5,3,2,4,4,4,4.4,3.4,2.4,3.5,47,1
3,4,4,4,2,3,2,2,2,3,4,3,3,4,5,4,2,4,2,2,3,2,4,3,4,2,5,2,4,4,2,4,2,4,5,2,2,3,4,2.9,3.3,2.9,3.6,22,2
3,4,3,4,3,5,3,4,5,4,4,4,4,2,4,3,4,3,3,3,4,2,2,3,4,4,4,3,4,4,3,3,4,4,3,4,4,3,4,3.9,3.5,3.4,3.2,46,2
4,2,5,3,4,4,2,4,2,3,4,1,3,2,4,1,4,4,2,1,4,2,3,4,0,2,5,1,4,3,5,1,5,3,4,1,4,2,3,3.3,2.8,1.9,3.6,52,1
3,3,2,2,3,4,3,3,3,3,2,2,5,2,4,1,2,2,3,3,5,3,4,3,4,4,3,3,4,4,3,2,3,4,2,2,4,3,4,3.5,3.1,2.3,2.9,33,1
5,5,2,1,4,5,5,4,5,5,1,1,5,1,4,1,5,1,5,1,4,2,2,1,4,5,2,1,4,4,5,1,5,4,1,1,5,4,5,4.6,3.5,1.3,3.1,24,2
3,4,5,2,2,4,4,4,2,5,3,3,4,1,3,2,2,1,3,3,4,3,3,4,4,2,3,3,4,3,3,3,5,3,3,2,2,3,2,3,2.9,2.9,3.3,40,1
2,2,2,4,2,2,3,4,2,2,4,4,2,4,4,4,4,4,2,4,2,4,2,4,2,2,4,3,2,2,4,2,2,2,4,3,3,3,3,2.4,2.8,3.6,3.2,33,2
4,3,3,4,2,5,4,2,4,4,3,1,3,2,5,1,4,2,3,1,4,2,4,1,3,5,4,1,4,2,5,1,4,3,2,2,3,3,1,3.1,3.3,1.6,3.6,50,1
5,4,4,2,5,4,3,3,4,4,1,2,4,2,4,2,5,2,2,2,4,2,3,3,4,3,5,1,3,4,4,1,4,4,4,1,3,2,4,4.1,3.1,1.9,3.2,18,1
5,4,1,5,5,5,5,5,5,5,2,2,5,2,5,2,5,1,5,5,5,1,1,5,5,5,2,1,5,5,1,3,5,3,1,5,5,5,5,5,3.3,3.7,2.8,22,1
4,3,2,4,4,2,3,4,3,0,3,4,2,4,4,3,5,4,3,4,4,4,2,3,4,3,4,4,4,4,3,4,5,2,2,4,4,3,4,3.9,2.8,3.8,2.9,28,1
4,4,3,0,0,4,4,3,4,4,4,2,5,1,4,1,0,3,4,1,4,2,3,3,4,4,3,1,3,4,4,2,4,3,3,2,4,4,5,3.4,3.1,1.7,3.6,39,1
3,4,3,2,4,4,2,4,3,4,2,2,4,2,4,2,3,2,3,4,4,2,3,2,4,4,4,2,4,4,2,3,4,3,3,2,4,3,4,3.7,3.1,2.6,2.9,33,1
3,5,4,3,4,3,5,3,4,5,2,4,5,1,5,1,5,0,3,4,5,1,2,2,5,5,4,3,5,4,3,2,5,5,3,1,4,3,5,4.5,3.1,2.6,3.4,42,2
4,3,2,3,4,3,4,4,3,4,2,3,3,3,4,2,3,2,4,3,4,2,3,2,4,3,3,2,4,3,3,2,4,4,2,3,3,4,4,3.5,3,2.7,3.1,62,2
4,3,4,2,2,3,4,4,2,4,4,3,3,2,4,2,4,2,3,2,3,2,3,3,3,4,4,2,4,3,4,2,4,3,4,1,4,4,4,3.4,2.9,2.3,3.8,36,1
3,2,3,3,2,3,3,4,3,3,3,3,3,3,4,3,4,3,3,3,3,2,2,3,4,2,4,3,4,4,3,3,4,2,3,3,2,3,4,3.4,2.5,3.1,3.1,47,1
3,3,4,4,3,4,2,4,4,4,4,4,4,3,3,3,3,3,2,4,4,3,4,4,4,3,4,3,4,4,4,4,4,4,4,3,4,3,4,3.7,3.4,3.7,3.4,17,2
2,4,3,5,1,2,1,3,1,1,5,5,2,3,4,5,1,3,1,5,2,2,4,5,1,4,5,5,2,2,4,5,1,3,5,5,3,1,5,1.9,2.8,4.8,3.3,28,2
3,5,4,3,4,5,4,4,2,4,4,2,5,1,4,3,2,1,5,5,5,1,3,2,5,5,5,3,5,4,3,3,5,5,4,4,4,5,5,4,3.4,3.2,4.1,31,2
4,5,3,2,4,5,4,5,2,5,2,0,4,1,4,2,4,1,4,3,4,2,3,4,2,4,4,3,3,2,0,4,3,2,4,4,3,2,3,3.1,3.1,3,3,40,1
2,1,4,4,3,2,3,3,1,2,4,3,1,4,3,3,1,4,3,2,1,3,4,4,4,2,4,2,1,3,5,3,2,2,3,3,1,3,3,2,2.5,3,3.6,23,1
5,3,3,4,5,4,3,5,5,4,2,2,5,2,5,5,5,1,3,4,5,3,0,4,5,5,5,3,5,4,3,3,5,0,2,3,5,5,5,4.9,2.8,3.7,3.1,55,2
4,3,3,2,2,4,3,3,2,2,2,3,4,2,3,1,2,4,2,1,2,4,4,3,4,4,5,1,4,3,3,2,2,2,4,1,2,3,2,2.8,3.1,1.9,3.2,26,1
4,3,5,4,4,3,2,4,3,3,3,2,4,4,2,3,3,4,2,4,3,3,4,4,2,3,4,4,4,4,3,4,3,2,4,3,4,2,4,3.5,3.1,3.6,3.1,56,1
5,3,3,2,2,3,4,3,2,3,3,2,2,3,4,2,3,3,5,3,3,3,2,3,2,3,4,2,4,3,2,2,3,3,3,2,3,4,4,3,3,2.3,3.4,61,1
4,4,4,4,4,3,3,3,3,2,3,2,3,3,2,1,2,3,2,2,3,3,2,3,4,3,3,2,4,3,4,2,4,3,3,2,3,2,3,3.4,3,2.3,2.8,50,1
3,2,2,3,2,2,4,4,2,3,3,2,3,3,4,3,4,3,4,3,3,3,2,4,4,2,3,2,4,4,4,4,4,2,3,4,4,3,4,3.5,2.5,3.2,3.2,24,1
2,5,3,2,4,5,4,3,3,5,1,3,2,2,5,1,2,1,3,4,3,1,2,3,2,4,4,3,5,1,2,2,4,4,3,2,5,4,3,3,3.4,2.6,3.1,31,1
4,3,5,3,2,3,3,4,3,3,2,2,3,4,4,4,3,3,3,4,3,2,4,3,5,3,3,3,4,2,4,1,5,3,0,2,3,3,3,3.4,3,2.9,3.1,18,2
4,3,5,4,4,3,4,3,3,2,4,3,3,4,5,5,3,3,5,3,5,2,4,3,5,3,5,3,5,3,3,3,5,2,5,4,4,4,5,4,2.8,3.4,4.4,23,2
3,5,2,2,4,5,3,5,3,4,2,2,3,1,4,2,4,2,3,4,3,1,2,4,4,4,3,2,3,5,2,2,4,4,3,2,4,3,4,3.7,3.3,2.8,2.7,25,1
5,5,1,1,5,5,5,5,5,5,3,1,4,1,4,1,5,1,4,1,5,1,1,1,3,5,4,1,5,5,1,1,5,5,3,1,5,5,5,4.7,3.5,1.4,3.1,24,1
2,2,5,5,2,3,1,3,2,3,2,4,5,4,4,5,1,4,3,5,4,2,3,4,3,1,5,5,4,3,5,5,4,3,5,4,2,3,5,3,2.8,4.4,3.6,24,2
3,3,3,4,3,3,2,1,3,3,4,4,3,4,4,3,4,2,4,3,3,2,4,3,4,3,5,4,3,2,2,4,4,2,4,4,3,0,3,3.2,2.8,3.3,3.2,40,1
2,1,5,4,3,1,2,4,2,2,5,3,2,5,2,3,4,5,1,4,4,5,5,3,2,1,5,3,5,1,5,3,3,1,5,4,2,2,2,2.5,2.6,3.4,3.7,25,1
2,3,1,4,2,4,5,4,2,3,2,4,3,3,5,4,2,2,5,3,4,2,1,4,3,3,1,3,4,4,2,3,4,3,2,4,5,5,4,3.2,2.9,3.7,2.9,30,1
1,4,4,1,2,5,4,2,1,5,4,1,1,1,5,1,2,1,5,1,1,2,2,1,2,4,5,1,2,1,1,1,4,5,2,1,1,5,4,1.9,3.4,1.1,3.7,43,1
4,4,4,2,3,3,2,4,4,3,2,1,4,2,3,1,1,2,2,2,5,3,3,2,4,2,5,1,5,3,5,1,4,3,5,1,4,3,4,3.6,2.8,1.7,3.4,24,1
3,4,3,4,3,4,3,4,4,4,3,2,3,2,4,3,4,2,3,2,4,2,3,2,4,4,2,2,4,4,3,2,4,4,2,2,4,4,4,3.7,3.3,2.6,3,54,2
5,5,5,4,4,5,3,4,5,5,4,3,4,1,2,5,2,1,2,2,5,1,4,5,5,5,5,2,5,5,3,3,5,5,5,3,5,3,5,4.5,3.5,3.4,3.6,18,2
4,5,4,2,2,4,2,3,1,4,4,2,2,4,2,1,3,1,2,1,5,1,4,1,5,1,5,1,5,4,5,1,4,4,4,1,3,2,4,3.4,3,1.4,3.4,59,2
5,3,2,3,4,4,3,3,2,4,3,4,4,3,4,4,2,3,3,4,4,3,1,4,4,4,3,4,4,4,2,4,4,3,2,4,4,4,4,3.7,3.4,3.8,2.7,39,1
1,2,3,5,2,2,1,3,1,1,1,4,1,5,4,4,3,5,2,4,2,5,5,5,2,2,5,4,3,1,3,5,4,2,4,5,3,2,2,2.1,3,4.3,3,28,2
2,2,2,2,1,2,2,3,3,2,4,3,4,4,4,2,2,3,3,3,4,2,4,4,4,1,5,2,4,1,1,3,4,2,4,2,2,2,3,2.7,2.3,2.7,3.1,23,2
4,3,3,4,4,5,4,5,4,5,3,5,4,2,5,4,4,2,3,4,4,2,2,4,4,4,3,4,4,4,2,4,5,4,3,4,4,3,4,4.1,3.4,4.2,3.1,46,1
4,3,3,2,4,4,4,4,4,4,3,3,3,2,4,2,4,2,4,2,4,3,2,2,3,4,2,1,4,4,2,1,3,4,2,1,4,4,5,3.8,3.3,2,3,46,1
4,4,4,4,2,4,4,5,4,3,4,4,5,4,4,4,5,4,4,5,4,4,5,4,4,4,4,5,4,5,4,5,4,5,4,5,4,5,4,4.1,4,4.6,4.2,25,2
5,2,4,5,1,2,3,3,2,4,2,5,4,4,3,5,1,4,3,4,5,3,3,3,5,2,5,5,5,2,3,5,5,2,3,3,4,3,4,3.5,2.9,4.2,3.2,22,2
3,4,3,2,4,3,2,4,2,4,3,4,3,2,4,3,4,2,2,4,3,2,3,2,3,4,3,4,4,4,3,3,3,4,3,4,4,3,4,3.5,3.1,3.3,2.9,44,2
4,4,4,3,2,4,3,3,3,4,4,3,3,3,3,2,3,3,3,3,3,3,3,4,4,4,3,2,3,3,4,2,3,4,4,3,3,4,3,3.1,3.6,2.8,3.5,48,1
3,5,3,4,2,4,3,5,3,4,2,3,4,2,4,1,5,4,3,2,4,1,3,1,3,1,3,1,5,5,3,1,5,1,3,5,5,3,5,4.1,2.8,2.6,3,32,1
3,4,3,5,2,4,4,5,2,3,3,5,2,2,4,5,2,2,3,3,4,3,2,5,5,3,4,5,5,3,3,5,5,3,2,2,5,4,5,3.5,3,4.4,3.2,26,2
2,5,4,2,1,5,3,2,2,3,3,2,4,3,4,3,2,1,2,3,5,1,4,2,3,4,5,5,2,4,5,1,2,5,4,1,2,3,4,2.5,3.4,2.3,3.7,68,1
3,2,4,4,3,2,2,4,3,3,3,3,4,3,4,4,2,3,3,3,3,4,2,2,3,2,4,3,4,3,4,3,4,2,4,4,3,3,4,3.3,2.6,3.3,3.3,18,1
3,4,3,4,1,4,5,4,3,3,4,1,3,3,5,3,4,2,4,2,4,2,2,3,2,4,3,3,4,4,1,2,5,1,2,2,3,4,4,3.3,2.9,2.7,3.3,33,1
4,2,4,1,4,2,2,3,1,4,4,1,4,3,3,2,5,4,2,1,4,1,4,3,5,2,4,1,3,4,4,1,5,3,4,1,4,3,5,4,2.6,1.6,3.4,29,2
3,3,4,2,4,3,2,5,3,4,2,2,4,4,4,1,3,3,2,2,3,3,3,3,4,3,2,2,4,2,4,2,5,2,4,1,3,2,3,3.5,3.1,2.2,2.9,31,1
4,5,4,2,2,4,3,3,2,5,3,2,4,2,3,1,4,1,4,1,5,1,4,4,4,3,4,1,5,3,4,1,5,3,3,1,2,4,2,3.4,3,1.8,3.6,31,2
3,5,4,4,3,5,3,4,3,5,3,4,3,1,4,3,3,1,3,3,3,1,3,3,4,5,3,3,3,3,3,3,3,4,3,3,4,3,4,3.3,3.4,3.3,3.2,43,1
4,3,3,1,2,4,3,4,1,2,1,1,2,3,5,1,1,3,2,2,1,2,1,3,3,4,3,1,4,4,4,1,3,3,4,1,4,2,4,2.9,3,1.7,2.8,26,2
5,5,3,1,4,5,3,5,4,5,1,1,5,1,3,1,5,1,2,1,5,1,2,1,5,5,2,1,5,4,1,1,5,3,2,1,5,2,5,4.7,3.3,1.4,2.1,49,1
3,3,5,2,2,3,3,2,2,2,3,1,2,3,2,1,2,3,3,1,3,3,3,1,2,3,4,1,4,1,3,1,3,2,1,1,2,3,3,2.4,2.8,1.2,3,25,1
3,4,2,1,2,4,4,4,4,4,3,1,5,1,4,1,4,1,3,1,5,1,3,1,4,4,4,1,5,5,4,1,5,5,2,1,5,4,5,4.3,3,1.3,3.3,22,1
4,3,3,2,3,4,4,5,4,4,3,2,5,2,4,1,4,3,4,2,5,2,1,3,5,4,3,2,5,4,3,2,4,4,3,2,4,4,5,4.3,3.3,2.3,3.2,27,1
4,3,4,4,5,2,3,4,4,4,2,4,3,3,4,4,4,3,3,4,4,2,4,5,4,4,4,5,4,4,2,2,5,2,2,2,4,3,4,4.1,2.9,3.8,3.1,21,2
3,3,4,2,2,4,3,2,1,2,5,1,1,2,4,1,1,3,2,2,3,2,3,3,3,3,3,1,3,2,2,3,2,3,2,2,3,3,3,2.2,2.8,1.9,3.1,77,1
4,3,4,1,5,5,5,5,3,4,3,2,2,2,5,3,4,3,4,4,5,2,2,4,4,4,4,2,4,4,3,2,4,4,3,2,4,5,4,3.8,3.4,2.8,3.8,21,1
3,4,3,2,2,4,3,4,3,4,4,1,3,2,2,1,3,1,1,2,3,2,2,3,4,5,5,1,5,4,4,1,4,4,3,1,5,4,5,3.7,3.3,1.8,3.1,25,2
3,5,3,2,0,5,3,5,3,5,3,1,2,1,4,1,5,1,3,3,4,1,1,1,4,5,5,1,4,5,4,1,4,5,0,1,5,3,5,3.6,3.5,1.8,2.9,25,2
3,4,2,1,4,4,3,2,2,3,1,1,5,2,5,1,3,2,3,1,3,2,1,1,3,4,3,1,3,3,2,1,3,3,2,1,3,3,3,3.2,3,1.1,2.5,39,1
3,3,4,2,3,4,3,4,1,5,3,3,2,2,5,1,3,2,3,3,3,2,2,2,4,4,4,2,4,3,4,2,5,3,3,1,3,4,3,3.1,3.1,2.2,3.5,41,1
3,2,4,3,2,2,3,4,2,2,4,3,3,3,4,2,3,4,3,2,4,3,3,4,3,2,5,2,4,3,1,1,4,2,4,2,2,3,4,3,2.5,2.6,3.4,49,1
3,4,3,4,3,5,5,5,5,4,2,3,4,2,5,3,3,2,5,5,4,2,3,5,3,5,5,3,3,4,1,2,5,4,2,2,5,4,5,3.9,3.5,3.6,3.5,30,1
4,5,5,4,3,4,1,3,2,4,4,3,2,2,1,2,2,2,2,3,1,2,5,3,4,4,5,2,4,4,4,2,4,2,5,3,4,1,2,3.2,3.1,2.8,3.3,18,2
5,5,5,2,3,5,3,5,5,5,4,1,3,2,5,1,3,2,2,1,5,2,4,4,5,5,5,3,5,4,2,2,5,5,3,2,4,4,4,4.2,3.9,2.3,3.7,39,2
3,4,3,4,4,4,4,3,3,4,3,3,4,2,4,2,4,2,4,4,4,2,3,2,3,4,4,2,4,3,2,2,5,4,2,2,4,4,4,3.7,3.3,2.7,3.3,62,1
4,2,5,5,4,2,3,3,2,2,5,5,2,5,3,5,5,5,2,5,2,5,5,4,2,1,5,4,3,2,2,5,4,2,5,3,3,1,2,3,3,4.3,3.6,40,1
3,4,3,2,2,4,4,4,3,4,4,2,4,2,5,1,4,2,3,1,4,2,3,1,4,2,4,1,4,4,3,1,4,2,4,1,4,3,4,3.6,2.8,1.6,3.6,45,2
5,1,3,4,2,2,4,3,4,2,2,3,4,4,5,3,2,4,4,2,4,4,1,3,3,2,2,2,4,1,2,3,4,1,1,5,1,4,4,3.1,2.5,3.1,2.8,37,2
4,3,4,4,3,4,3,4,3,4,3,4,2,2,4,3,4,4,4,3,4,3,3,3,4,4,3,3,4,4,2,4,4,4,4,4,4,2,4,3.6,3.5,3.6,3.2,33,2
4,5,3,5,4,5,3,4,5,4,1,4,4,2,4,1,5,2,4,1,5,2,2,2,5,4,2,2,5,3,3,1,5,3,2,3,4,3,4,4.4,3.4,2.6,2.7,60,1
4,4,4,4,4,3,4,5,4,4,2,5,5,2,4,1,5,3,3,5,5,4,3,5,5,4,5,2,5,1,5,1,5,5,4,1,5,3,5,4.4,3.6,3.2,3.7,30,1
4,3,4,3,4,2,3,3,3,4,3,3,4,4,5,1,3,4,4,2,4,2,3,1,5,2,4,2,4,2,3,2,5,3,2,1,3,4,4,3.7,3,2,3.5,40,2
4,5,4,3,3,5,1,5,2,5,3,2,4,2,1,2,2,1,3,4,5,2,3,4,3,1,5,2,3,5,2,2,5,5,5,4,3,2,2,3.3,3.3,3.1,2.9,19,1
3,3,4,4,1,3,3,3,2,3,2,4,2,3,5,3,1,3,2,3,5,2,3,3,2,3,2,3,4,1,2,3,3,3,3,3,2,2,2,2.1,2.9,3.2,2.8,43,2
4,4,3,1,2,5,3,3,1,4,3,2,2,1,4,1,2,1,3,1,2,2,3,1,1,5,5,1,3,4,3,1,2,5,3,1,4,3,4,2.6,3.4,1.3,3.3,36,2
3,4,4,2,3,3,3,4,4,5,2,1,4,2,4,1,4,2,4,1,5,4,3,3,3,3,2,1,5,4,4,1,5,2,3,1,4,3,4,3.9,3.1,1.7,3.2,33,1
4,5,3,4,4,4,4,4,4,4,2,2,5,2,4,2,4,2,4,4,5,2,2,2,4,4,3,3,4,5,2,3,5,4,2,2,5,4,5,4.5,3.4,2.9,3,32,1
3,4,4,0,3,5,2,2,2,5,4,4,2,3,4,5,2,3,3,5,4,2,3,3,4,5,5,5,4,3,4,5,4,5,3,5,3,3,4,3.1,4,3.8,3.5,26,2
5,3,2,5,4,5,5,5,5,5,5,3,5,1,5,5,4,3,5,5,5,4,1,4,5,3,1,4,5,5,3,5,5,5,1,5,5,5,5,4.8,3.6,4.6,3.3,29,1
4,4,3,1,3,4,3,5,4,5,3,1,3,2,0,1,3,2,3,2,4,2,2,1,4,5,2,0,4,4,3,1,5,5,3,1,4,3,4,3.8,3.6,1.4,2.5,36,1
3,2,4,4,3,2,2,5,4,3,3,4,2,4,2,3,2,4,3,4,2,3,3,4,3,3,4,3,2,4,3,3,3,3,4,3,4,2,4,3.1,3,3.7,3,14,2
3,4,5,4,2,4,3,5,2,3,5,2,2,1,2,2,1,3,2,3,3,5,4,3,1,2,4,3,5,2,4,1,3,5,4,1,2,3,3,2.4,3.4,2.7,3.6,18,2
2,4,2,3,2,4,4,3,2,4,4,3,3,1,5,3,2,2,3,3,4,2,2,1,3,4,4,3,4,3,2,3,5,4,2,4,2,3,2,2.7,3.1,2.9,3.1,19,1
3,5,3,2,3,5,3,4,4,3,2,3,3,2,4,1,5,2,3,3,5,2,4,0,4,5,4,3,4,3,4,3,5,5,4,2,4,3,4,3.8,3.6,2.3,3.4,55,2
3,4,3,1,2,4,2,1,1,3,4,1,2,2,5,1,2,4,2,1,2,4,4,1,1,2,5,1,1,2,4,1,2,1,4,1,5,2,3,2.2,3,1,3.5,36,1
2,3,3,4,2,4,2,4,1,4,5,4,4,2,4,1,3,2,3,4,2,1,3,3,3,4,4,4,3,2,4,1,4,2,3,4,3,4,2,2.6,2.8,3.2,3.5,48,1
5,3,5,5,4,3,3,5,3,3,5,5,3,5,4,5,4,4,4,5,2,3,5,5,5,2,5,5,5,5,5,5,4,4,5,5,3,2,2,3.9,3.4,5,4.3,20,2
5,4,5,5,5,3,2,4,4,4,3,3,3,2,3,3,3,2,3,4,4,2,3,3,4,2,4,2,3,3,5,3,3,3,5,4,3,2,3,3.5,2.8,3.4,3.5,43,2
4,4,4,3,2,4,1,4,3,3,2,4,3,5,4,2,3,4,3,2,4,4,4,4,4,3,4,3,5,2,4,2,3,2,4,4,4,2,0,3,3.6,3.1,3.2,21,1
4,4,3,2,2,5,5,5,3,4,3,1,2,2,4,1,4,1,4,4,4,1,4,2,1,4,4,1,2,4,4,1,4,4,4,2,4,5,4,3.1,3.1,2.1,4,37,1
3,3,4,3,3,3,3,4,2,3,3,3,3,3,3,3,3,3,3,3,3,3,3,5,3,3,3,3,4,3,2,3,3,4,4,4,3,4,3,3,3.1,3.4,3.2,23,2
2,2,4,2,2,2,4,3,4,4,3,2,2,2,3,2,4,4,3,4,4,4,3,4,4,4,4,2,4,3,4,2,4,2,4,4,2,4,4,3.2,3,2.8,3.6,21,2
4,4,3,4,4,3,3,4,4,4,2,4,4,2,2,3,4,3,3,3,4,3,3,3,4,3,4,3,4,4,4,3,4,4,4,4,4,4,3,3.9,3.3,3.4,3.2,22,1
5,5,5,1,5,5,1,5,5,5,1,1,5,1,5,1,5,1,1,5,5,1,3,5,5,5,5,1,5,5,1,1,5,5,5,1,5,3,5,5,3.5,2.3,3,24,1
4,4,3,5,3,4,3,5,3,3,3,5,3,3,3,5,3,3,3,5,4,4,3,5,4,4,3,5,4,5,2,5,3,3,5,5,5,3,4,3.7,3.5,5,3.1,68,2
4,3,4,4,3,3,2,4,3,3,3,3,2,2,3,2,3,2,3,3,0,2,2,3,3,3,4,2,3,4,2,2,4,3,3,3,4,3,4,3.4,2.6,2.9,2.9,25,1
4,4,5,5,3,5,2,5,3,5,1,5,5,1,2,5,2,1,2,5,5,1,5,5,5,2,5,5,5,2,5,5,5,1,5,5,1,2,2,3.4,2.5,5,3.4,30,1
4,5,3,3,3,5,1,3,1,5,4,3,3,2,4,4,1,2,1,4,2,2,4,4,5,4,5,3,4,5,3,4,5,5,5,4,4,2,4,3.5,3.8,3.6,3.2,19,2
2,2,4,1,3,4,4,4,3,3,1,1,3,3,5,3,1,4,2,1,4,2,2,2,5,3,5,2,1,2,4,3,4,1,3,3,2,4,1,2.5,2.8,2.2,3.4,30,1
4,4,4,5,4,4,3,5,5,4,3,2,4,2,5,3,3,2,3,4,4,3,4,4,4,3,4,3,4,4,4,3,4,3,4,4,4,2,2,3.8,3.1,3.7,3.6,43,3
2,3,4,3,4,3,2,5,4,4,1,4,5,5,5,2,5,4,3,3,4,3,3,1,5,2,4,4,5,5,4,3,5,4,5,4,5,2,4,4.5,3.5,3.2,3.3,18,2
5,3,3,3,4,5,4,4,3,3,3,2,4,2,3,3,4,2,4,4,4,2,2,3,4,4,3,3,5,5,3,3,5,4,3,3,4,4,4,4.3,3.1,3.1,3.2,60,1
2,3,3,4,3,5,4,5,2,3,2,4,4,2,4,4,3,2,3,4,3,2,2,4,3,2,4,4,3,4,1,4,3,4,3,4,4,3,3,3.1,2.9,4.1,2.9,36,1
5,2,2,4,3,3,4,4,4,3,1,4,5,3,5,3,1,3,4,4,3,2,2,4,4,2,1,2,2,1,2,2,4,1,3,4,3,4,2,3.1,2.4,3.4,2.8,16,1
3,5,4,3,4,2,3,3,3,4,3,3,3,3,3,3,3,3,3,3,3,3,3,3,3,3,3,3,3,3,3,3,3,4,4,3,3,2,3,3.1,3.4,3,3.1,40,2
4,4,3,3,3,4,3,3,3,4,3,2,3,2,5,2,2,2,3,2,3,2,3,2,4,4,4,2,4,2,3,2,4,4,3,2,3,3,3,3.2,3.3,2.2,3.3,33,2
3,4,3,3,2,4,2,3,3,3,4,3,2,2,2,2,3,2,3,3,3,2,3,2,4,3,4,2,4,4,0,2,4,4,2,2,2,2,2,3,3,2.4,2.5,51,2
3,2,4,3,2,2,1,4,3,4,3,3,4,4,5,2,2,4,2,2,3,3,3,4,3,2,5,1,4,4,4,2,3,1,4,3,5,2,4,3.4,2.8,2.7,3.3,20,1
4,3,4,2,3,3,2,3,3,4,2,2,4,3,3,2,3,2,0,2,3,0,2,1,4,3,0,3,2,2,3,2,4,3,3,2,4,2,4,3.4,2.6,2.1,2.1,75,2
3,2,4,4,4,2,2,5,4,4,3,5,4,2,4,2,4,2,5,1,5,2,2,2,5,2,2,2,5,5,1,1,5,1,1,1,5,5,2,4.2,2.1,2.6,2.9,24,2
4,3,3,3,3,4,3,4,3,3,3,3,2,2,3,3,2,3,2,3,3,4,3,3,4,3,3,3,4,4,3,3,4,3,3,3,3,3,4,3.4,3.1,3.1,2.9,66,2
3,4,3,2,3,5,4,3,3,4,3,3,4,2,3,4,4,1,4,3,4,2,3,3,4,5,4,3,4,4,3,2,4,5,3,4,4,3,5,3.8,3.5,3,3.3,57,2
4,5,3,2,4,5,3,4,4,4,4,4,4,2,4,3,3,2,4,4,4,2,2,4,4,4,4,3,4,4,3,2,5,4,3,2,4,3,4,4,3.5,3.1,3.3,51,1
2,5,4,5,4,5,3,5,2,5,4,5,4,1,2,4,4,1,3,4,4,2,4,4,4,4,5,5,0,3,3,4,5,5,5,5,2,2,4,3.1,3.5,4.6,3.5,27,1
4,2,4,3,3,2,4,2,3,0,3,3,3,4,4,2,3,4,4,2,4,3,2,3,4,2,3,3,4,3,2,3,4,4,2,3,2,4,3,3.3,2.6,2.7,3.2,64,1
5,4,2,3,4,5,5,3,3,4,3,3,4,2,5,3,4,3,5,2,4,3,3,3,5,4,4,3,5,5,2,2,4,3,3,3,4,5,5,4.4,3.5,2.8,3.7,50,2
4,2,3,3,4,3,4,1,4,3,2,3,4,5,4,1,4,5,4,1,4,4,2,1,5,2,3,2,5,5,2,1,4,2,2,3,5,4,4,4.4,3.3,1.8,3,29,1
